publish_date,ticker,article_sentiment,average_market_sentiment,average_market_percent_change,RatingScore_pct_change,analyst_score_pct_change,target_median_price_pct_change,target_score,Yesterday_Percent_Change,Next_Day_Percent_Change,article_sentiment_class,average_market_sentiment_class
2024-12-18,AAPL,0.3493581313131313,0.18069553738933675,-0.010467461463167899,0.0,0.0,0.0,-1.3728893798327244,-1.65,0.9399999999999998,Neutral,Neutral
2024-12-19,AAPL,0.3344867302040665,0.17910503390628735,-0.020774095839492,0.0,0.0,0.0,-1.3728893798327244,0.9399999999999998,2.57,Neutral,Neutral
2024-12-20,AAPL,0.3597214285714285,0.18146798406231085,-0.0006742623106127,0.0,0.0,0.0,-1.3728893798327244,2.57,2.57,Neutral,Neutral
2024-12-23,AAPL,0.32816730478773914,0.25070001550979415,0.0177050105272122,0.0,0.0,0.0,-1.3728893798327244,0.2,1.11,Neutral,Neutral
2024-12-24,AAPL,0.3123180487070861,0.24584206124075542,0.014819785561153001,0.0,0.0,0.0,-2.459241457113091,1.11,1.06,Neutral,Neutral
2024-12-25,AAPL,0.3294777285214785,0.24637037400611445,0.0149910739731517,0.0,0.0,0.0,-3.1758326878388803,1.06,0.26,Neutral,Neutral
2024-12-26,AAPL,0.33353249369353594,0.25415174977056776,0.0041751651685085,0.0,0.0,0.0,-3.365408780383637,0.26,-0.8999999999999999,Neutral,Neutral
2024-12-27,AAPL,0.3964618076710669,0.23391088086093664,-0.0124750321692228,0.0,0.0,0.0,-3.4823565747818632,-0.8999999999999999,-0.9,Neutral,Neutral
2024-12-30,AAPL,0.33606376025290496,0.2465705465687178,-0.0126530861073158,0.0,0.0,0.0,-3.4823565747818637,-0.01,-0.89,Neutral,Neutral
2024-12-31,AAPL,0.37861539074960127,0.2081253621240901,-0.0094939193595053,0.0,0.0,0.0,-0.6329498969061447,-0.89,-0.8000000000000002,Neutral,Neutral
2025-01-01,AAPL,0.4642819444444444,0.21257079427325487,-0.0105860502682846,0.0,0.0,0.0,-0.1677182333679368,-0.8000000000000002,-2.04,Bullish,Neutral
2025-01-02,AAPL,0.32826863521579425,0.2144802195963087,-0.0024224904331026,0.0,0.0,0.0,-0.1677182333679368,-2.04,0.0,Neutral,Neutral
2025-01-03,AAPL,0.16583194444444446,0.16606643430696685,0.0192485591296205,0.0,0.0,0.0,-0.1677182333679368,0.0,0.0,Neutral,Neutral
2025-01-06,AAPL,0.41271649205136596,0.2025483948663802,0.0221002380160894,0.0,0.0,0.0,-0.1677182333679368,0.27,-0.32,Bullish,Neutral
2025-01-07,AAPL,0.34503139682539685,0.20050733494390188,-0.0183785387937415,0.0,0.0,0.0,2.2115888062258047,-0.32,0.3,Neutral,Neutral
2025-01-08,AAPL,0.3688730744949495,0.1841321140836098,-0.0235059196730587,0.0,0.0,0.0,3.216217332067211,0.3,0.32,Neutral,Neutral
2025-01-09,AAPL,0.3251467592592593,0.18397932140846315,-0.0128208993102184,0.0,0.0,0.0,3.216217332067211,0.32,0.32,Neutral,Neutral
2025-01-13,AAPL,0.2341398124098124,0.22319171892532313,-0.0103390149376735,0.0,0.0,0.0,7.28168523986596,0.39,-0.63,Neutral,Neutral
2025-01-14,AAPL,0.24948529491341992,0.1752274273316473,0.0055300476518219,0.0,0.0,0.0,6.476537320106006,-0.63,1.38,Neutral,Neutral
2025-01-15,AAPL,0.3395966765873016,0.18224788776453,0.0254384463236053,0.0,0.0,0.0,5.107035216743593,1.38,-3.89,Neutral,Neutral
2025-01-16,AAPL,0.31482859547859543,0.18710622464131316,-0.0016432191116749,0.0,0.0,0.0,5.09058808693094,-3.89,-3.89,Neutral,Neutral
2025-01-20,AAPL,0.4425831941867656,0.22293296736858914,0.0162671252328616,0.0,0.0,0.0,8.705104791721025,-0.92,-0.61,Bullish,Neutral
2025-01-21,AAPL,0.2784088443963444,0.20520699870966036,0.0069182672343297,0.0,-0.79,0.0,12.170955937955952,-0.61,1.77,Neutral,Neutral
2025-01-22,AAPL,0.3078687476618032,0.20604826087762684,0.0165398473800671,0.0,0.0,0.0,12.359530713918495,1.77,-0.48,Neutral,Neutral
2024-12-18,ACHR,0.250975,0.18069553738933675,-0.0104674614631679,0.0,0.0,0.0,24.013528748590765,-3.56,-7.88,Neutral,Neutral
2024-12-19,ACHR,0.20800164141414137,0.17910503390628735,-0.020774095839492,0.0,0.0,0.0,24.013528748590765,-7.88,-7.88,Neutral,Neutral
2024-12-24,ACHR,0.25424814814814817,0.24194834075796107,0.014819785561153,0.0,0.0,0.0,9.239077484098152,13.68,13.68,Neutral,Neutral
2024-12-25,ACHR,0.0,0.24637037400611445,0.0149910739731517,0.0,0.0,0.0,1.8518518518518448,13.68,1.89,Neutral,Neutral
2024-12-26,ACHR,0.41525,0.25415174977056776,0.0041751651685085,0.0,0.0,0.0,0.1365498406918577,1.89,-5.27,Bullish,Neutral
2024-12-30,ACHR,0.249175,0.2357210441735499,-0.0126530861073158,0.0,0.0,0.0,0.1365498406918577,-5.27,-3.27,Neutral,Neutral
2024-12-31,ACHR,0.4894863636363636,0.2081253621240901,-0.0094939193595053,0.0,0.0,0.0,8.695652173913052,-3.27,-1.29,Bullish,Neutral
2025-01-06,ACHR,0.008050000000000002,0.19775879916242228,0.0221002380160894,0.0,0.0,0.0,8.695652173913052,-1.29,-2.88,Neutral,Neutral
2025-01-07,ACHR,0.14744583333333333,0.20050733494390188,-0.0183785387937415,0.0,0.0,0.0,-1.161798136450636,-2.88,-3.52,Neutral,Neutral
2025-01-13,ACHR,0.12193703703703707,0.18870509153780424,-0.0103390149376735,0.0,-6.669999999999999,9.09,44.58584621723424,-3.52,1.27,Neutral,Neutral
2025-01-15,ACHR,0.45472222222222225,0.1814717980266226,0.0254384463236053,0.0,0.0,0.0,39.79146163918959,1.27,3.3,Bullish,Neutral
2024-12-18,AMD,0.21648594005531505,0.18069553738933675,-0.0104674614631679,0.0,0.0,0.0,45.57670772676372,-3.11,-2.69,Neutral,Neutral
2024-12-19,AMD,0.2264093848765125,0.17910503390628735,-0.020774095839492,0.0,0.0,0.0,45.57670772676372,-2.69,1.04,Neutral,Neutral
2024-12-20,AMD,0.3892074855699856,0.18146798406231085,-0.0006742623106127001,0.0,0.0,0.0,45.57670772676372,1.04,1.04,Neutral,Neutral
2024-12-23,AMD,0.22623807960063105,0.25070001550979415,0.0177050105272122,0.0,0.0,0.0,45.57670772676372,3.148024691358025,-0.88,Neutral,Neutral
2024-12-24,AMD,0.18640412982813773,0.24584206124075544,0.014819785561153,0.0,0.07,0.0,44.44818667982846,-0.88,-0.9600000000000001,Neutral,Neutral
2024-12-25,AMD,0.2529494142260346,0.24637037400611445,0.0149910739731517,0.0,0.0,0.0,44.11275635442236,-0.9600000000000001,-0.5,Neutral,Neutral
2024-12-26,AMD,0.18397737938828845,0.25415174977056776,0.0041751651685085,0.0,0.0,0.0,45.08036755124182,-0.5,0.7,Neutral,Neutral
2024-12-27,AMD,0.13585250305250304,0.23391088086093664,-0.0124750321692228,0.0,0.0,0.0,45.53014553014553,0.7,0.7,Neutral,Neutral
2024-12-30,AMD,0.26147676307017104,0.2465705465687178,-0.0126530861073158,0.0,0.0,0.0,45.530145530145525,-0.91,-1.89,Neutral,Neutral
2024-12-31,AMD,0.17899808324602842,0.2081253621240901,-0.0094939193595053,0.0,0.0,0.0,49.715269898357036,-1.89,-1.88,Neutral,Neutral
2025-01-01,AMD,0.27596894735166794,0.2125707942732549,-0.0105860502682846,0.0,0.0,0.0,50.67472472886829,-1.88,-1.4,Neutral,Neutral
2025-01-02,AMD,0.16893157379850085,0.2144802195963087,-0.0024224904331026,0.0,0.0,0.0,50.67472472886829,-1.4,3.1300000000000003,Neutral,Neutral
2025-01-03,AMD,0.1192350168350168,0.16606643430696685,0.0192485591296205,0.0,0.0,0.0,50.67472472886829,3.1300000000000003,3.13,Neutral,Neutral
2025-01-06,AMD,0.19995909090909086,0.2025483948663802,0.0221002380160894,0.0,0.0,0.0,50.67472472886829,0.42,-2.37,Neutral,Neutral
2025-01-07,AMD,0.21735969165416838,0.20050733494390188,-0.0183785387937415,0.0,0.0,-1.1,45.91022538315265,-2.37,-2.19,Neutral,Neutral
2025-01-08,AMD,0.1914157044667219,0.1841321140836098,-0.023505919673058703,0.0,0.0,0.0,40.07782101167315,-2.19,-2.14,Neutral,Neutral
2025-01-09,AMD,0.23804362886166863,0.18397932140846315,-0.012820899310218401,0.0,0.0,0.0,40.07782101167315,-2.14,-1.81,Neutral,Neutral
2025-01-10,AMD,0.20936259740259736,0.15267021131428216,-0.0052953116608218,0.0,0.0,0.0,40.07782101167315,-1.81,-1.81,Neutral,Neutral
2025-01-13,AMD,0.20203159045815294,0.22319171892532313,-0.0103390149376735,0.0,0.0,-2.78,48.8740112432911,1.7600000000000002,-1.5763095238095237,Neutral,Neutral
2025-01-14,AMD,0.2202195078825181,0.1752274273316473,0.0055300476518219,0.0,0.14,-1.43,48.76577475599162,-1.5763095238095237,2.05,Neutral,Neutral
2025-01-15,AMD,0.16795106449987401,0.18224788776453,0.0254384463236053,0.0,0.0,0.0,44.85642047916899,2.05,-1.52,Neutral,Neutral
2025-01-16,AMD,0.2364160698303103,0.18710622464131316,-0.0016432191116748998,0.0,0.0,0.0,43.79793264421474,-1.52,0.57,Neutral,Neutral
2025-01-17,AMD,0.12069837261503924,0.1453042249492506,0.0072483924871516,0.0,-0.7199999999999999,-1.45,43.79793264421474,0.57,0.57,Neutral,Neutral
2025-01-20,AMD,0.17514675801138063,0.22293296736858914,0.0162671252328616,0.0,0.0,0.0,40.976570683341436,0.57,-0.09,Neutral,Neutral
2025-01-21,AMD,0.17418020515080748,0.20520699870966036,0.0069182672343297,0.0,0.0,0.0,39.02639077063789,-0.09,0.58,Neutral,Neutral
2025-01-22,AMD,0.17350817379443234,0.20604826087762684,0.0165398473800671,0.0,0.0,0.0,37.62773594958784,0.58,1.33,Neutral,Neutral
2024-12-18,AMZN,0.3063517409962722,0.18069553738933675,-0.0104674614631679,0.0,0.0,0.0,1.639246416351547,-4.44,-0.8,Neutral,Neutral
2024-12-19,AMZN,0.27446127305835094,0.17910503390628735,-0.020774095839492,0.0,0.0,0.0,1.639246416351547,-0.8,2.33,Neutral,Neutral
2024-12-20,AMZN,0.4027450260177532,0.18146798406231085,-0.0006742623106127001,0.0,0.0,0.0,1.639246416351547,2.33,2.3300000000000005,Bullish,Neutral
2024-12-23,AMZN,0.37316776485088987,0.25070001550979415,0.0177050105272122,0.0,0.0,0.0,1.639246416351547,0.01,0.9400000000000001,Neutral,Neutral
2024-12-24,AMZN,0.3434581433389963,0.24584206124075544,0.014819785561153,0.0,-0.93,0.43,2.7175897266223985,0.9400000000000001,0.93,Neutral,Neutral
2024-12-25,AMZN,0.38689457275528705,0.24637037400611445,0.0149910739731517,0.0,0.0,0.0,3.0342719930146203,0.93,-0.39,Neutral,Neutral
2024-12-26,AMZN,0.3229422222222222,0.25415174977056776,0.0041751651685085,0.0,0.0,0.85,4.036837381204257,-0.39,-0.79,Neutral,Neutral
2024-12-27,AMZN,0.5378894473838918,0.23391088086093664,-0.0124750321692228,0.0,0.0,0.0,4.822726271746306,-0.79,-0.79,Bullish,Neutral
2024-12-30,AMZN,0.3241509392393321,0.2465705465687178,-0.0126530861073158,0.0,0.0,0.0,4.822726271746306,0.56,-1.6,Neutral,Neutral
2024-12-31,AMZN,0.3523,0.2081253621240901,-0.0094939193595053,0.0,0.0,0.0,7.682562664012302,-1.6,-1.61,Neutral,Neutral
2025-01-01,AMZN,0.27416458333333327,0.2125707942732549,-0.0105860502682846,0.0,0.0,0.0,7.682562664012302,-1.61,0.76,Neutral,Neutral
2025-01-03,AMZN,0.3453666666666666,0.17926602933825855,0.0192485591296205,0.0,0.0,0.0,7.682562664012302,0.76,0.42,Neutral,Neutral
2025-01-06,AMZN,0.31245,0.16445403422742594,0.0221002380160894,0.0,0.0,0.0,7.682562664012302,0.42,-2.5,Neutral,Neutral
2025-01-07,AMZN,0.0671875,0.20050733494390188,-0.0183785387937415,0.0,0.0,0.84,7.025698297835164,-2.5,-0.46,Neutral,Neutral
2025-01-08,AMZN,0.08895,0.1841321140836098,-0.0235059196730587,0.0,0.0,0.0,6.368833931658026,-0.46,0.17,Neutral,Neutral
2025-01-13,AMZN,0.2594916666666666,0.16987836013954544,-0.0103390149376735,0.0,0.0,0.0,10.000412501546876,0.17,-1.22,Neutral,Neutral
2025-01-14,AMZN,0.3764511363636363,0.1752274273316473,0.005530047651821901,0.0,-0.08,2.08,10.405110940718188,-1.22,0.23,Neutral,Neutral
2025-01-15,AMZN,0.4817286255411255,0.18224788776453002,0.0254384463236053,0.0,0.0,0.0,10.820750055367169,0.23,-1.74,Bullish,Neutral
2025-01-16,AMZN,0.4982,0.18710622464131316,-0.0016432191116749,0.0,0.0,0.0,10.03323452797988,-1.74,0.73,Bullish,Neutral
2024-12-26,ASTS,0.4056,0.2448717622533757,0.0041751651685085,0.0,0.0,0.0,49.253731343283576,5.61,5.61,Bullish,Neutral
2025-01-01,ASTS,0.3641142857142857,0.2510159787178826,-0.0105860502682846,0.0,0.0,0.0,49.253731343283576,-4.18,-2.58,Neutral,Neutral
2025-01-06,ASTS,0.3153833333333333,0.2128678195167678,0.0221002380160894,0.0,0.0,0.0,49.25373134328358,-2.58,-5.23,Neutral,Neutral
2025-01-07,ASTS,0.09375,0.20050733494390188,-0.0183785387937415,0.0,0.0,0.0,56.52173913043478,-5.23,0.38,Neutral,Neutral
2025-01-08,ASTS,0.22138660714285713,0.1841321140836098,-0.0235059196730587,0.0,0.0,0.0,56.52173913043478,0.38,0.38,Neutral,Neutral
2025-01-14,ASTS,0.09889444444444444,0.22396780866323057,0.005530047651821901,0.0,0.0,0.0,75.6781322774611,-4.61,1.6,Neutral,Neutral
2025-01-15,ASTS,0.0,0.18224788776453,0.0254384463236053,0.0,0.0,0.0,67.13091922005572,1.6,-2.42,Neutral,Neutral
2025-01-16,ASTS,0.5537333333333333,0.18710622464131316,-0.0016432191116749,0.0,0.0,0.0,67.13091922005572,-2.42,10.53,Bullish,Neutral
2025-01-21,ASTS,0.641105303030303,0.19897924248397791,0.0069182672343297,0.0,0.0,0.0,62.5474692633846,10.53,-3.06,Bullish,Neutral
2024-12-18,AVGO,0.257016206016206,0.18069553738933675,-0.0104674614631679,0.0,0.0,0.0,-3.634017399991671,-0.16999999999999998,-4.24,Neutral,Neutral
2024-12-19,AVGO,0.26035878968253967,0.17910503390628735,-0.020774095839492,0.0,0.0,0.0,-3.634017399991671,-4.24,-4.24,Neutral,Neutral
2024-12-23,AVGO,0.4215332400520477,0.25070001550979415,0.0177050105272122,0.0,0.0,0.0,-3.634017399991671,2.2643478260869565,-0.21,Bullish,Neutral
2024-12-24,AVGO,0.26524443056943053,0.24584206124075544,0.014819785561153,0.0,0.0,3.67,-1.2292915222215983,-0.21,-0.18,Neutral,Neutral
2024-12-25,AVGO,0.2895952930276794,0.24637037400611445,0.014991073973151699,0.0,0.0,0.0,0.1335113484646166,-0.18,2.23,Neutral,Neutral
2024-12-26,AVGO,0.33051073683261184,0.25415174977056776,0.0041751651685085,0.0,0.0,0.0,-1.4654326184611488,2.23,-1.17,Neutral,Neutral
2024-12-27,AVGO,0.49071666666666663,0.23391088086093664,-0.0124750321692228,0.0,0.0,0.0,-2.184545158134991,-1.17,-1.17,Bullish,Neutral
2024-12-30,AVGO,0.3379444552669552,0.24657054656871777,-0.0126530861073158,0.0,0.0,0.0,-2.184545158134991,0.38,-1.57,Neutral,Neutral
2024-12-31,AVGO,0.3404,0.20812536212409008,-0.0094939193595053,0.0,0.0,0.0,-2.184545158134991,-1.57,-1.71,Neutral,Neutral
2025-01-01,AVGO,0.18633333333333335,0.21257079427325487,-0.0105860502682846,0.0,0.0,0.0,-2.184545158134991,-1.71,-1.7700000000000002,Neutral,Neutral
2025-01-02,AVGO,0.15053888888888897,0.2144802195963087,-0.0024224904331026,0.0,0.0,0.0,-2.184545158134991,-1.7700000000000002,-0.05,Neutral,Neutral
2025-01-06,AVGO,0.3019363636363636,0.1996682244854761,0.0221002380160894,0.0,0.0,0.0,-2.184545158134991,-0.05,-4.45,Neutral,Neutral
2025-01-07,AVGO,0.3553,0.20050733494390188,-0.0183785387937415,0.0,0.0,1.04,-2.184545158134991,-4.45,-0.15,Neutral,Neutral
2025-01-08,AVGO,0.3895506493506493,0.1841321140836098,-0.0235059196730587,0.0,0.0,0.0,-2.184545158134991,-0.15,-0.17,Neutral,Neutral
2025-01-09,AVGO,0.1342969696969697,0.18397932140846313,-0.012820899310218398,0.0,0.0,0.0,-2.184545158134991,-0.17,2.51,Neutral,Neutral
2025-01-13,AVGO,0.32763333333333333,0.1885522988626576,-0.0103390149376735,0.0,0.0,1.2,8.924514714594018,2.51,-0.83,Neutral,Neutral
2025-01-14,AVGO,0.0,0.1752274273316473,0.0055300476518219,0.0,0.0,0.0,9.21895861148198,-0.83,-0.3,Neutral,Neutral
2025-01-15,AVGO,0.2811361111111111,0.18224788776453,0.0254384463236053,0.0,0.0,1.02,8.734649122807014,-0.3,-2.47,Neutral,Neutral
2025-01-16,AVGO,0.32301024531024525,0.18710622464131316,-0.0016432191116749002,0.0,0.0,0.0,8.734649122807014,-2.47,-2.47,Neutral,Neutral
2025-01-20,AVGO,0.0,0.22293296736858914,0.0162671252328616,0.0,0.0,0.0,8.734649122807014,0.26,-0.55,Neutral,Neutral
2025-01-21,AVGO,0.4003599747474747,0.20520699870966033,0.0069182672343297,0.0,0.0,0.0,4.563701311494282,-0.55,-2.37,Bullish,Neutral
2025-01-13,BWXT,0.4988636363636363,0.22319171892532313,-0.0103390149376735,0.0,0.0,0.0,23.18521777386713,1.31,-0.41,Bullish,Neutral
2025-01-15,BWXT,0.2966833333333333,0.1814717980266226,0.0254384463236053,0.0,0.0,0.0,17.41518849331153,-0.41,1.15,Neutral,Neutral
2024-12-25,CHTR,0.40095,0.24637037400611445,0.0149910739731517,0.0,0.0,0.0,11.853682225904132,1.26,-0.39,Bullish,Neutral
2025-01-15,CHTR,0.47585,0.2220713099914059,0.0254384463236053,0.0,0.27,0.11,12.60161433947089,-0.39,0.01,Bullish,Neutral
2025-01-16,CHTR,0.516,0.18710622464131316,-0.0016432191116749,0.0,0.0,0.0,12.60161433947089,0.01,0.01,Bullish,Neutral
2025-01-20,CHTR,0.618,0.22293296736858914,0.0162671252328616,0.0,0.0,0.0,11.563309332043143,-0.41,0.71,Bullish,Neutral
2024-12-18,CRM,0.17862834235209235,0.18069553738933675,-0.0104674614631679,0.0,0.0,0.0,16.819101347693525,-4.87,-1.6,Neutral,Neutral
2024-12-19,CRM,0.21346305916305913,0.17910503390628735,-0.020774095839492,0.0,0.0,0.0,16.819101347693525,-1.6,3.28,Neutral,Neutral
2024-12-20,CRM,0.38501157407407405,0.18146798406231085,-0.0006742623106127001,0.0,0.0,0.0,16.819101347693525,3.28,3.28,Neutral,Neutral
2024-12-23,CRM,0.17589604377104376,0.25070001550979415,0.0177050105272122,0.0,0.0,0.0,16.819101347693525,0.20916666666666664,0.42,Neutral,Neutral
2024-12-24,CRM,0.2020199209355459,0.24584206124075544,0.014819785561153,0.0,-0.68,0.0,18.263377038888464,0.42,0.42000000000000004,Neutral,Neutral
2024-12-25,CRM,0.30052510822510825,0.24637037400611445,0.0149910739731517,0.0,0.0,0.0,19.037249949191416,0.42000000000000004,-0.9200000000000002,Neutral,Neutral
2024-12-26,CRM,0.19788103856020522,0.25415174977056776,0.0041751651685085,0.0,0.0,0.0,19.673030466512085,-0.9200000000000002,-0.56,Neutral,Neutral
2024-12-27,CRM,0.5291523809523809,0.23391088086093664,-0.0124750321692228,0.0,0.0,0.0,19.981271216200387,-0.56,-0.56,Bullish,Neutral
2024-12-30,CRM,0.1757048469387755,0.2465705465687178,-0.0126530861073158,0.0,0.0,0.0,19.981271216200387,0.68,-0.58,Neutral,Neutral
2024-12-31,CRM,0.2981601491101491,0.2081253621240901,-0.0094939193595053,0.0,0.04,0.0,22.282934182634143,-0.58,-0.58,Neutral,Neutral
2025-01-01,CRM,0.2749091044372294,0.2125707942732549,-0.0105860502682846,0.0,0.0,0.0,22.633326354200943,-0.58,-1.68,Neutral,Neutral
2025-01-02,CRM,0.2714822320426487,0.2144802195963087,-0.0024224904331026,-25.0,0.0,0.0,22.633326354200943,-1.68,-1.68,Neutral,Neutral
2025-01-06,CRM,0.23068047138047135,0.2025483948663802,0.0221002380160894,0.0,0.0,0.0,22.633326354200943,-1.04,-1.6900000000000002,Neutral,Neutral
2025-01-07,CRM,0.24480487914862914,0.20050733494390188,-0.0183785387937415,0.0,-0.67,-0.61,24.726088581044948,-1.6900000000000002,-0.26,Neutral,Neutral
2025-01-08,CRM,0.2506766110783156,0.1841321140836098,-0.023505919673058703,0.0,0.0,0.0,25.41162711968732,-0.26,-0.26,Neutral,Neutral
2025-01-09,CRM,0.216500085892943,0.18397932140846313,-0.0128208993102184,0.0,0.0,0.0,25.411627119687324,-0.26,-0.26,Neutral,Neutral
2025-01-13,CRM,0.20526088900206546,0.22319171892532313,-0.0103390149376735,0.0,0.0,0.0,27.6948625928376,1.42,-0.45,Neutral,Neutral
2025-01-14,CRM,0.25596501611663947,0.1752274273316473,0.0055300476518219,0.0,0.0,0.0,25.94752118346156,-0.45,-2.64,Neutral,Neutral
2025-01-15,CRM,0.2696854147535966,0.18224788776453,0.0254384463236053,0.0,0.0,0.0,26.325290864307775,-2.64,-0.91,Neutral,Neutral
2025-01-16,CRM,0.15861975220959595,0.18710622464131316,-0.0016432191116749,33.33,0.0,0.0,26.88379623863494,-0.91,-1.27,Neutral,Neutral
2025-01-17,CRM,0.24764999999999995,0.1453042249492506,0.0072483924871516,0.0,0.71,0.61,26.88379623863494,-1.27,-1.27,Neutral,Neutral
2025-01-20,CRM,0.27940031080031075,0.22293296736858914,0.0162671252328616,0.0,0.0,0.0,26.41085915474268,-1.27,-0.78,Neutral,Neutral
2025-01-21,CRM,0.2331846917450366,0.20520699870966036,0.0069182672343297,0.0,0.0,0.0,25.600412886586543,-0.78,0.41,Neutral,Neutral
2025-01-22,CRM,0.267102766528573,0.20604826087762684,0.0165398473800671,0.0,0.0,0.0,23.683048754117717,0.41,0.7,Neutral,Neutral
2024-12-24,GLW,0.6157583333333334,0.24584206124075544,0.014819785561153,0.0,0.0,0.0,13.6,1.16,-1.7,Bullish,Neutral
2025-01-02,GLW,0.4943071428571428,0.2191855055269697,-0.0024224904331026,0.0,0.0,0.0,13.6,-1.7,1.17,Bullish,Neutral
2025-01-06,GLW,0.2966833333333333,0.1996682244854761,0.0221002380160894,0.0,0.0,0.0,13.6,1.17,-0.15,Neutral,Neutral
2025-01-09,GLW,0.4346666666666666,0.20035454226875526,-0.0128208993102184,0.0,0.0,0.0,13.6,-0.15,-0.15,Bullish,Neutral
2025-01-15,GLW,0.4879999999999999,0.23021217935820584,0.0254384463236053,0.0,0.0,0.0,10.61910619106191,1.31,3.77,Bullish,Neutral
2024-12-18,GME,0.2849409090909091,0.18069553738933675,-0.0104674614631679,0.0,0.0,0.0,-68.01023672424824,-8.2,-0.53,Neutral,Neutral
2024-12-19,GME,0.2696148809523809,0.17910503390628735,-0.020774095839492,0.0,0.0,0.0,-68.01023672424824,-0.53,3.6199999999999997,Neutral,Neutral
2024-12-23,GME,0.1316267673623883,0.21669829804416818,0.0177050105272122,0.0,0.0,0.0,-68.01023672424824,3.6199999999999997,0.45,Neutral,Neutral
2024-12-24,GME,0.2829722222222222,0.24584206124075544,0.014819785561153,0.0,0.0,0.0,-67.8663106353012,0.45,0.45,Neutral,Neutral
2024-12-25,GME,0.4003666666666667,0.24637037400611445,0.0149910739731517,0.0,0.0,0.0,-67.88696210661529,0.45,1.13,Bullish,Neutral
2024-12-26,GME,0.32282416125541125,0.25415174977056776,0.0041751651685085,0.0,0.0,0.0,-69.38967145363095,1.13,-0.59,Neutral,Neutral
2024-12-27,GME,0.4686142857142857,0.23391088086093664,-0.0124750321692228,0.0,0.0,0.0,-69.68778417702333,-0.59,0.66,Bullish,Neutral
2024-12-30,GME,0.47937658402203853,0.21697878701665754,-0.0126530861073158,0.0,0.0,0.0,-69.68778417702333,0.66,-2.25,Bullish,Neutral
2024-12-31,GME,0.31505833333333333,0.2081253621240901,-0.0094939193595053,0.0,0.0,0.0,-68.62596520063292,-2.25,-2.25,Neutral,Neutral
2025-01-01,GME,0.42627499999999996,0.2125707942732549,-0.0105860502682846,0.0,0.0,0.0,-68.66883269469972,-2.25,-3.71,Bullish,Neutral
2025-01-02,GME,0.27796666666666664,0.2144802195963087,-0.0024224904331026,0.0,0.0,0.0,-68.66883269469972,-3.71,1.74,Neutral,Neutral
2025-01-07,GME,0.3129,0.2021197350234428,-0.0183785387937415,0.0,0.0,0.0,-69.4185909633047,1.74,-0.03,Neutral,Neutral
2025-01-08,GME,0.2900811688311688,0.1841321140836098,-0.0235059196730587,0.0,0.0,0.0,-69.73017477797083,-0.03,-0.03,Neutral,Neutral
2025-01-13,GME,0.2,0.22319171892532313,-0.0103390149376735,0.0,0.0,0.0,-67.96925048046124,-1.84,-10.81,Neutral,Neutral
2025-01-14,GME,0.3004712121212121,0.1752274273316473,0.0055300476518219,0.0,0.0,0.0,-67.96925048046124,-10.81,-0.36,Neutral,Neutral
2025-01-20,GME,0.13413712121212124,0.1870896101720203,0.0162671252328616,0.0,0.0,0.0,-67.96925048046124,-0.36,0.26,Neutral,Neutral
2025-01-21,GME,0.5211333333333333,0.20520699870966036,0.0069182672343297,0.0,0.0,0.0,-67.96925048046124,0.26,1.06,Bullish,Neutral
2024-12-18,GOOGL,0.359565361952862,0.18069553738933675,-0.010467461463167899,0.0,0.0,0.0,7.972571896428213,-3.49,-1.63,Neutral,Neutral
2024-12-19,GOOGL,0.2564811016704956,0.17910503390628735,-0.020774095839492,0.0,0.0,0.0,7.972571896428213,-1.63,3.03,Neutral,Neutral
2024-12-20,GOOGL,0.27802761544011545,0.18146798406231085,-0.0006742623106127,0.0,0.0,0.0,7.972571896428213,3.03,3.03,Neutral,Neutral
2024-12-23,GOOGL,0.242836311814288,0.25070001550979415,0.0177050105272122,0.0,0.0,0.0,7.972571896428214,1.04,0.63,Neutral,Neutral
2024-12-24,GOOGL,0.25066541495976585,0.24584206124075544,0.014819785561153,0.0,0.0,0.47000000000000003,8.302132027200878,0.63,0.65,Neutral,Neutral
2024-12-25,GOOGL,0.2245544338474026,0.24637037400611445,0.0149910739731517,0.0,0.0,0.0,8.10259548212737,0.65,0.23,Neutral,Neutral
2024-12-26,GOOGL,0.2911734908609908,0.25415174977056776,0.0041751651685085,0.0,0.03,0.0,8.274141073683662,0.23,-1.16,Neutral,Neutral
2024-12-27,GOOGL,0.40971708553791886,0.23391088086093664,-0.0124750321692228,0.0,0.0,0.0,8.384458077709613,-1.16,-1.16,Bullish,Neutral
2024-12-30,GOOGL,0.31167587341410397,0.2465705465687178,-0.0126530861073158,0.0,0.0,0.0,8.384458077709613,0.9099999999999999,-0.92,Neutral,Neutral
2024-12-31,GOOGL,0.19257222222222217,0.2081253621240901,-0.0094939193595053,0.0,0.0,0.0,11.70971943952712,-0.92,-0.93,Neutral,Neutral
2025-01-01,GOOGL,0.4441833333333333,0.21257079427325487,-0.0105860502682846,0.0,0.0,0.0,11.99154780771262,-0.93,-0.64,Bullish,Neutral
2025-01-02,GOOGL,0.5563083333333333,0.2144802195963087,-0.0024224904331026,0.0,0.0,0.0,11.99154780771262,-0.64,-0.64,Bullish,Neutral
2025-01-06,GOOGL,0.32088409090909087,0.2025483948663802,0.0221002380160894,0.0,0.0,0.0,11.99154780771262,1.52,-0.82,Neutral,Neutral
2025-01-07,GOOGL,0.23951622474747478,0.20050733494390188,-0.0183785387937415,0.0,-1.08,0.0,8.889209427624506,-0.82,0.71,Neutral,Neutral
2025-01-08,GOOGL,0.25989569160997733,0.1841321140836098,-0.0235059196730587,0.0,0.0,0.0,8.445444779784127,0.71,0.72,Neutral,Neutral
2025-01-09,GOOGL,0.25276440476190476,0.18397932140846315,-0.0128208993102184,0.0,0.0,0.0,8.445444779784127,0.72,0.7200000000000001,Neutral,Neutral
2025-01-13,GOOGL,0.08970833333333332,0.22319171892532313,-0.0103390149376735,0.0,0.0,1.42,12.919576852075542,0.43,-0.82,Neutral,Neutral
2025-01-14,GOOGL,0.17799166666666663,0.1752274273316473,0.005530047651821901,0.0,0.01,0.0,13.09299001010717,-0.82,1.42,Neutral,Neutral
2025-01-15,GOOGL,0.27849166666666664,0.18224788776453002,0.0254384463236053,0.0,0.0,0.0,10.606883906941084,1.42,-0.7600000000000001,Neutral,Neutral
2025-01-16,GOOGL,0.2937594276094276,0.18710622464131316,-0.0016432191116749,0.0,0.0,0.0,9.946305292763991,-0.7600000000000001,-0.7600000000000001,Neutral,Neutral
2025-01-20,GOOGL,0.480132481060606,0.22293296736858914,0.0162671252328616,0.0,0.0,0.0,9.693877551020408,-0.27,-0.47,Bullish,Neutral
2025-01-21,GOOGL,0.38131526334776333,0.20520699870966036,0.0069182672343297,0.0,0.0,0.0,8.32048877279412,-0.47,-0.32,Neutral,Neutral
2024-12-18,GSAT,0.0,0.18069553738933675,-0.0104674614631679,0.0,0.0,0.0,110.5263157894737,-4.15,-1.05,Neutral,Neutral
2024-12-19,GSAT,0.1790432098765432,0.17910503390628735,-0.020774095839492,0.0,0.0,0.0,110.5263157894737,-1.05,-1.05,Neutral,Neutral
2024-12-23,GSAT,0.2619015873015873,0.25070001550979415,0.0177050105272122,0.0,0.0,0.0,110.5263157894737,-2.53,0.0,Neutral,Neutral
2024-12-24,GSAT,-0.03433888888888893,0.24584206124075542,0.014819785561153,0.0,0.0,0.0,106.05676313648536,0.0,0.0,Neutral,Neutral
2024-12-25,GSAT,0.29878,0.24637037400611445,0.0149910739731517,0.0,0.0,0.0,104.08163265306123,0.0,7.58,Neutral,Neutral
2024-12-26,GSAT,0.16033666666666663,0.25415174977056776,0.0041751651685085,0.0,0.0,0.0,97.2093232700217,7.58,7.580000000000001,Neutral,Neutral
2024-12-30,GSAT,0.2543133333333333,0.24657054656871777,-0.0126530861073158,0.0,0.0,0.0,88.23529411764706,2.36,-6.760000000000001,Neutral,Neutral
2024-12-31,GSAT,0.19520555555555552,0.20812536212409008,-0.0094939193595053,0.0,0.0,0.0,89.46570061925449,-6.760000000000001,-6.76,Neutral,Neutral
2025-01-01,GSAT,0.15291666666666662,0.2125707942732549,-0.0105860502682846,0.0,0.0,0.0,91.38755980861244,-6.76,1.44,Neutral,Neutral
2025-01-02,GSAT,0.12254999999999999,0.2144802195963087,-0.0024224904331026,0.0,0.0,0.0,91.38755980861244,1.44,1.44,Neutral,Neutral
2025-01-06,GSAT,0.15032222222222222,0.2025483948663802,0.0221002380160894,0.0,0.0,0.0,91.38755980861244,-3.1,-2.73,Neutral,Neutral
2025-01-07,GSAT,0.27115,0.20050733494390188,-0.0183785387937415,0.0,0.0,0.0,82.64840182648402,-2.73,-3.41,Neutral,Neutral
2025-01-08,GSAT,0.2089666666666666,0.1841321140836098,-0.0235059196730587,0.0,0.0,0.0,82.64840182648402,-3.41,-3.41,Neutral,Neutral
2025-01-09,GSAT,0.2619768518518518,0.18397932140846315,-0.0128208993102184,0.0,0.0,0.0,82.64840182648402,-3.41,-2.15,Neutral,Neutral
2025-01-14,GSAT,0.45585,0.189328388600565,0.0055300476518219,0.0,0.0,0.0,118.61507350931846,-2.15,3.68,Bullish,Neutral
2024-12-18,HAL,0.301017825804947,0.18069553738933675,-0.0104674614631679,0.0,0.0,0.0,36.07944097094519,-3.36,-2.97,Neutral,Neutral
2024-12-19,HAL,0.04686950032538267,0.17910503390628735,-0.020774095839492,0.0,0.0,0.0,36.07944097094519,-2.97,1.8,Neutral,Neutral
2024-12-20,HAL,0.5578416666666667,0.18146798406231085,-0.0006742623106127,0.0,0.0,0.0,36.07944097094519,1.8,1.8,Bullish,Neutral
2024-12-23,HAL,0.14253830086580083,0.25070001550979415,0.0177050105272122,0.0,0.0,0.0,36.07944097094519,1.16,2.01,Neutral,Neutral
2024-12-24,HAL,0.4409572691197691,0.24584206124075542,0.014819785561153,0.0,-3.33,-2.7000000000000006,34.453379257701,2.01,2.01,Bullish,Neutral
2024-12-25,HAL,0.48607776094276095,0.24637037400611445,0.0149910739731517,0.0,0.0,0.0,34.12816691505216,2.01,0.07,Bullish,Neutral
2024-12-26,HAL,0.28499545454545455,0.25415174977056776,0.0041751651685085,0.0,0.0,0.0,34.2616277776542,0.07,0.19,Neutral,Neutral
2024-12-27,HAL,0.10972202380952384,0.23391088086093664,-0.0124750321692228,0.0,0.0,0.0,34.32835820895522,0.19,0.19,Neutral,Neutral
2024-12-30,HAL,0.01267726124885216,0.2465705465687178,-0.0126530861073158,0.0,0.0,0.0,34.32835820895522,0.6,0.44,Neutral,Neutral
2024-12-31,HAL,0.16374805194805192,0.20812536212409008,-0.0094939193595053,0.0,0.0,0.0,32.142556482610566,0.44,0.44,Neutral,Neutral
2025-01-01,HAL,0.0734409488470713,0.21257079427325487,-0.0105860502682846,0.0,0.0,0.0,32.40161824200073,0.44,-0.32,Neutral,Neutral
2025-01-02,HAL,0.22081666666666663,0.2144802195963087,-0.0024224904331026,0.0,0.0,0.0,32.40161824200073,-0.32,-0.61,Neutral,Neutral
2025-01-03,HAL,0.19716111111111112,0.16606643430696685,0.0192485591296205,0.0,0.0,0.0,32.40161824200073,-0.61,-0.61,Neutral,Neutral
2025-01-06,HAL,0.24005941558441557,0.20254839486638018,0.0221002380160894,0.0,0.0,0.0,32.40161824200073,-0.04,-0.18,Neutral,Neutral
2025-01-07,HAL,0.11889296814296814,0.20050733494390188,-0.0183785387937415,0.0,0.0,0.0,29.591429596064305,-0.18,-1.57,Neutral,Neutral
2025-01-08,HAL,0.1484783333333333,0.1841321140836098,-0.0235059196730587,0.0,0.0,0.0,28.27365045430251,-1.57,-1.6150000000000002,Neutral,Neutral
2025-01-09,HAL,0.06514744668911333,0.18397932140846313,-0.012820899310218398,0.0,0.0,0.0,28.27365045430251,-1.6150000000000002,-1.84,Neutral,Neutral
2025-01-10,HAL,0.24418055555555557,0.15267021131428216,-0.0052953116608218,0.0,0.0,0.0,28.27365045430251,-1.84,-1.84,Neutral,Neutral
2025-01-13,HAL,0.13241696061140504,0.22319171892532313,-0.0103390149376735,0.0,0.0,0.0,29.310428768883735,2.47,1.81,Neutral,Neutral
2025-01-14,HAL,0.011426398493281602,0.1752274273316473,0.0055300476518219,0.0,0.0,0.0,27.970247993902696,1.81,1.69,Neutral,Neutral
2025-01-15,HAL,0.1848576530612245,0.18224788776453,0.025438446323605295,0.0,0.0,0.0,26.227342892152965,1.69,1.99,Neutral,Neutral
2025-01-16,HAL,-0.12060262022279068,0.18710622464131316,-0.0016432191116749,0.0,0.0,0.0,25.65445026178011,1.99,1.74,Neutral,Neutral
2025-01-17,HAL,-0.4091,0.1453042249492506,0.0072483924871516,0.0,0.0,0.0,25.65445026178011,1.74,1.74,Bearish,Neutral
2025-01-20,HAL,0.19847367424242424,0.22293296736858914,0.0162671252328616,0.0,0.0,0.0,20.401337792642146,1.74,-2.22,Neutral,Neutral
2025-01-21,HAL,0.25218187680375176,0.20520699870966036,0.0069182672343297,0.0,1.1,0.0,21.356358056079785,-2.22,-1.7899999999999998,Neutral,Neutral
2024-12-24,LMT,0.30622101284958425,0.24584206124075544,0.014819785561153,0.0,0.0,-1.67,21.024081636739744,0.43,0.41,Neutral,Neutral
2024-12-26,LMT,0.050485185185185216,0.2448717622533757,0.0041751651685085,0.0,0.0,0.0,20.23122258939539,0.41,0.12,Neutral,Neutral
2024-12-27,LMT,0.5002071428571429,0.23391088086093664,-0.0124750321692228,0.0,0.0,0.0,20.14768578014401,0.12,0.12,Bullish,Neutral
2024-12-30,LMT,0.5370737560793116,0.2465705465687178,-0.012653086107315798,0.0,0.0,0.0,20.14768578014401,-0.54,0.32,Bullish,Neutral
2025-01-01,LMT,0.50316875,0.22323438247843558,-0.0105860502682846,0.0,0.0,0.0,20.14768578014401,0.32,-0.7600000000000001,Bullish,Neutral
2025-01-02,LMT,0.3365444444444445,0.2144802195963087,-0.0024224904331026,0.0,0.0,0.0,20.14768578014401,-0.7600000000000001,0.08,Neutral,Neutral
2025-01-03,LMT,0.2398625,0.16606643430696688,0.0192485591296205,0.0,0.0,0.0,20.14768578014401,0.08,0.08,Neutral,Neutral
2025-01-06,LMT,0.21802222222222223,0.20254839486638018,0.0221002380160894,0.0,0.0,0.0,20.14768578014401,-2.66,-0.38000000000000006,Neutral,Neutral
2025-01-07,LMT,0.117104081632653,0.20050733494390188,-0.0183785387937415,0.0,-1.79,-4.41,19.976870652697865,-0.38000000000000006,1.15,Neutral,Neutral
2025-01-09,LMT,0.38894529220779217,0.20280605280672195,-0.0128208993102184,0.0,0.0,0.0,19.891463088974792,1.15,0.01,Neutral,Neutral
2025-01-10,LMT,-0.0256944444444444,0.15267021131428216,-0.0052953116608218,0.0,0.0,0.0,19.891463088974792,0.01,0.01,Neutral,Neutral
2025-01-14,LMT,0.486,0.22396780866323054,0.0055300476518219,0.0,1.06,0.64,14.236592994593703,-0.11,-0.78,Bullish,Neutral
2025-01-15,LMT,0.28163333333333324,0.18224788776453,0.0254384463236053,0.0,0.0,0.0,14.665348548430849,-0.78,1.05,Neutral,Neutral
2025-01-16,LMT,0.07775818181818181,0.18710622464131316,-0.0016432191116749002,0.0,0.0,0.0,14.597402597402596,1.05,0.57,Neutral,Neutral
2025-01-17,LMT,0.5169,0.1453042249492506,0.0072483924871516,0.0,0.0,-1.36,14.597402597402597,0.57,0.57,Bullish,Neutral
2025-01-20,LMT,0.4837902597402597,0.15153198117493305,0.0162671252328616,0.0,0.0,0.0,10.94795235764399,0.57,-0.77,Bullish,Neutral
2024-12-18,META,0.18739446441224472,0.18069553738933675,-0.0104674614631679,0.0,0.0,0.0,5.740668991347014,-3.7998924731182795,-2.43,Neutral,Neutral
2024-12-19,META,0.1799151184255742,0.17910503390628735,-0.020774095839492,0.0,0.0,0.0,5.740668991347014,-2.43,-0.7,Neutral,Neutral
2024-12-20,META,0.1585533007301804,0.18146798406231085,-0.0006742623106127,0.0,0.0,0.0,5.740668991347014,-0.7,-0.7,Neutral,Neutral
2024-12-23,META,0.250473280200595,0.25070001550979415,0.0177050105272122,0.0,0.0,0.0,5.740668991347014,1.66,0.84,Neutral,Neutral
2024-12-24,META,0.19810844204594202,0.24584206124075544,0.014819785561153,0.0,0.0,0.76,7.76663755340978,0.84,0.83,Neutral,Neutral
2024-12-25,META,0.2182809445259042,0.24637037400611445,0.0149910739731517,0.0,0.0,0.0,8.597285067873303,0.83,-0.315125,Neutral,Neutral
2024-12-26,META,0.19023747835497834,0.25415174977056776,0.0041751651685085,0.0,0.0,0.0,9.283934296925178,-0.315125,0.07,Neutral,Neutral
2024-12-27,META,0.20624180173020754,0.23391088086093664,-0.0124750321692228,0.0,0.0,0.0,9.38924339106654,0.07,0.078,Neutral,Neutral
2024-12-30,META,0.16898328599275966,0.2465705465687178,-0.0126530861073158,0.0,0.0,0.0,9.38924339106654,0.39694736842105266,-1.14,Neutral,Neutral
2024-12-31,META,0.1389691238863793,0.2081253621240901,-0.0094939193595053,0.0,0.0,0.0,11.865120022487394,-1.14,-1.14,Neutral,Neutral
2025-01-01,META,0.16956576299482143,0.21257079427325493,-0.0105860502682846,0.0,0.0,0.0,12.722242147871087,-1.14,1.5957391304347828,Neutral,Neutral
2025-01-02,META,0.1341768822803605,0.2144802195963087,-0.0024224904331026,0.0,0.0,0.0,12.722242147871087,1.5957391304347828,-0.03,Neutral,Neutral
2025-01-03,META,0.17231812319624817,0.16606643430696685,0.0192485591296205,0.0,0.0,0.0,12.722242147871087,-0.03,-0.029999999999999995,Neutral,Neutral
2025-01-06,META,0.07781337158432396,0.20254839486638018,0.0221002380160894,0.0,0.0,0.0,12.72224214787109,2.856222222222222,-2.15,Neutral,Neutral
2025-01-07,META,0.14384343078501238,0.20050733494390188,-0.0183785387937415,0.0,0.0,0.0,11.368151418592692,-2.15,-0.310622009569378,Neutral,Neutral
2025-01-08,META,0.06743731510824812,0.1841321140836098,-0.0235059196730587,0.0,0.0,0.0,6.81512890643966,-0.310622009569378,-0.42372093023255814,Neutral,Neutral
2025-01-09,META,0.07958838761367831,0.18397932140846315,-0.0128208993102184,0.0,0.0,0.0,6.815128906439662,-0.42372093023255814,0.96,Neutral,Neutral
2025-01-10,META,0.09165463880661248,0.15267021131428216,-0.0052953116608218,0.0,0.0,0.0,6.815128906439661,0.96,0.96,Neutral,Neutral
2025-01-13,META,0.07760238356307435,0.22319171892532313,-0.0103390149376735,0.0,-0.01,0.38,8.630635845662752,0.2330263157894737,-1.6993684210526316,Neutral,Neutral
2025-01-14,META,0.06649860503531554,0.1752274273316473,0.0055300476518219,0.0,0.0,0.37,11.105665636593047,-1.6993684210526316,1.08,Neutral,Neutral
2025-01-15,META,0.14335082863995907,0.18224788776453,0.025438446323605302,0.0,0.01,0.0,11.276866434048163,1.08,-0.03,Neutral,Neutral
2025-01-16,META,0.11688071444396746,0.18710622464131316,-0.0016432191116748998,0.0,0.0,0.0,8.568835882810474,-0.03,-1.9400000000000002,Neutral,Neutral
2025-01-17,META,0.14459120766939912,0.1453042249492506,0.0072483924871516005,0.0,0.0,0.22,8.602253628255017,-1.9400000000000002,-1.9400000000000002,Neutral,Neutral
2025-01-20,META,0.14173741443177418,0.22293296736858914,0.0162671252328616,0.0,0.0,0.0,9.430238331436016,-1.8980487804878048,-0.21764705882352942,Neutral,Neutral
2025-01-21,META,0.1986611680530798,0.20520699870966036,0.0069182672343297,0.0,0.0,0.0,9.337879527305583,-0.21764705882352942,0.033428571428571426,Neutral,Neutral
2025-01-22,META,0.05887658077372363,0.20604826087762684,0.0165398473800671,0.0,0.0,0.0,8.163877567157204,0.033428571428571426,1.43,Neutral,Neutral
2024-12-18,MSFT,0.29637433239710026,0.18069553738933675,-0.0104674614631679,0.0,0.0,0.0,10.020683888571057,-3.1,-1.04,Neutral,Neutral
2024-12-19,MSFT,0.375874775339199,0.17910503390628735,-0.020774095839492,0.0,0.0,0.0,10.020683888571057,-1.04,0.83,Neutral,Neutral
2024-12-20,MSFT,0.2254778409090909,0.18146798406231085,-0.0006742623106127,0.0,0.0,0.0,10.020683888571057,0.83,0.8299999999999998,Neutral,Neutral
2024-12-23,MSFT,0.38425902699624787,0.25070001550979415,0.0177050105272122,0.0,0.0,0.0,10.020683888571057,-0.33,1.06,Neutral,Neutral
2024-12-24,MSFT,0.34503932259916953,0.24584206124075544,0.014819785561152998,0.0,0.0,0.0,13.272025034324367,1.06,1.0800000000000003,Neutral,Neutral
2024-12-25,MSFT,0.4282564079952969,0.24637037400611445,0.0149910739731517,0.0,0.0,0.0,13.809664716727749,1.0800000000000003,-0.22,Bullish,Neutral
2024-12-26,MSFT,0.3324227621235784,0.25415174977056776,0.0041751651685085,0.0,0.0,0.0,13.972670932677538,-0.22,-1.01,Neutral,Neutral
2024-12-27,MSFT,0.419901370697204,0.23391088086093664,-0.0124750321692228,0.0,0.0,0.0,14.126589212754784,-1.01,-1.01,Bullish,Neutral
2024-12-30,MSFT,0.29970540295242676,0.2465705465687178,-0.0126530861073158,0.0,0.0,0.0,14.126589212754785,-0.29,-1.08,Neutral,Neutral
2024-12-31,MSFT,0.31624133644133645,0.2081253621240901,-0.0094939193595053,0.0,0.0,0.0,17.206267536018352,-1.08,-1.08,Neutral,Neutral
2025-01-01,MSFT,0.3001677128427128,0.2125707942732549,-0.0105860502682846,0.0,0.0,0.0,18.62396204033215,-1.08,-1.63,Neutral,Neutral
2025-01-02,MSFT,0.47221177319412616,0.2144802195963087,-0.0024224904331026,-25.0,0.0,0.0,18.62396204033215,-1.63,0.54,Bullish,Neutral
2025-01-03,MSFT,0.30848076298701294,0.16606643430696685,0.0192485591296205,0.0,0.0,0.0,18.62396204033215,0.54,0.5400000000000001,Neutral,Neutral
2025-01-06,MSFT,0.28802568181818183,0.2025483948663802,0.0221002380160894,0.0,0.0,0.0,18.62396204033215,-0.05,-1.64,Neutral,Neutral
2025-01-07,MSFT,0.2763675676406926,0.2005073349439019,-0.0183785387937415,0.0,-0.08,0.0,17.68372735907075,-1.64,0.16,Neutral,Neutral
2025-01-08,MSFT,0.33416441847041845,0.1841321140836098,-0.023505919673058696,0.0,0.0,0.0,18.187942466109604,0.16,0.26,Neutral,Neutral
2025-01-09,MSFT,0.29602935606060604,0.18397932140846315,-0.0128208993102184,0.0,0.0,0.0,18.187942466109604,0.26,-1.33,Neutral,Neutral
2025-01-10,MSFT,0.30459878787878786,0.15267021131428216,-0.0052953116608218,0.0,0.0,0.0,18.187942466109604,-1.33,-1.33,Neutral,Neutral
2025-01-13,MSFT,0.282752757569077,0.22319171892532313,-0.0103390149376735,0.0,0.0,0.0,19.763918004777064,0.47,-0.51,Neutral,Neutral
2025-01-14,MSFT,0.3936275454545454,0.1752274273316473,0.0055300476518219,0.0,-0.09,0.0,19.849353827819964,-0.51,1.7100000000000002,Neutral,Neutral
2025-01-15,MSFT,0.25264351216244074,0.18224788776453,0.025438446323605302,0.0,0.0,0.0,18.189478040831666,1.7100000000000002,-0.9599999999999999,Neutral,Neutral
2025-01-16,MSFT,0.32677723583234947,0.18710622464131316,-0.0016432191116749,0.0,0.0,0.0,17.285543383922498,-0.9599999999999999,-1.17,Neutral,Neutral
2025-01-17,MSFT,0.021125000000000005,0.1453042249492506,0.0072483924871516,0.0,0.0,0.0,16.923479458487677,-1.17,-1.17,Neutral,Neutral
2025-01-20,MSFT,0.3407575960497835,0.22293296736858914,0.0162671252328616,0.0,0.0,0.0,16.456312973577823,-1.17,-0.35999999999999993,Neutral,Neutral
2025-01-21,MSFT,0.3115266981989204,0.20520699870966036,0.0069182672343297,0.0,0.0,0.0,16.740859188397916,-0.35999999999999993,2.0,Neutral,Neutral
2025-01-22,MSFT,0.2097971884746078,0.20604826087762684,0.0165398473800671,0.0,0.09,0.0,13.73295708432248,2.0,1.07,Neutral,Neutral
2024-12-18,MU,0.11858090325901591,0.18069553738933675,-0.0104674614631679,0.0,0.0,0.0,33.517495395948444,-5.67,-3.37,Neutral,Neutral
2024-12-19,MU,0.06375137462423419,0.17910503390628735,-0.020774095839492,0.0,0.0,0.0,33.517495395948444,-3.37,-3.37,Neutral,Neutral
2024-12-23,MU,0.2968447154787841,0.25070001550979415,0.0177050105272122,0.0,0.0,0.0,33.517495395948444,-0.47,-0.33,Neutral,Neutral
2024-12-24,MU,0.2140634532134532,0.24584206124075544,0.014819785561153,0.0,-2.5,-11.72,39.640767774302034,-0.33,-0.33,Neutral,Neutral
2024-12-25,MU,0.37536257348618457,0.24637037400611445,0.0149910739731517,0.0,0.0,0.0,43.36917562724014,-0.33,1.7842857142857143,Neutral,Neutral
2024-12-26,MU,0.23124971788072432,0.25415174977056776,0.0041751651685085,0.0,0.0,0.0,42.94694015640501,1.7842857142857143,-0.36999999999999994,Neutral,Neutral
2024-12-27,MU,0.05294393939393938,0.23391088086093664,-0.0124750321692228,0.0,0.0,0.0,42.50723669561346,-0.36999999999999994,-0.37,Neutral,Neutral
2024-12-30,MU,0.119217591991342,0.24657054656871777,-0.0126530861073158,0.0,0.0,0.0,42.50723669561346,-1.85,-1.51,Neutral,Neutral
2024-12-31,MU,0.07908771043771044,0.20812536212409008,-0.0094939193595053,0.0,0.0,0.0,49.76565628264797,-1.51,-1.5,Neutral,Neutral
2025-01-01,MU,0.14378333333333332,0.2125707942732549,-0.0105860502682846,0.0,0.0,0.0,52.05511998099312,-1.5,2.77,Neutral,Neutral
2025-01-02,MU,0.16409267676767675,0.2144802195963087,-0.0024224904331026,0.0,0.0,0.0,52.05511998099311,2.77,2.33,Neutral,Neutral
2025-01-03,MU,0.1964833333333333,0.16606643430696685,0.0192485591296205,0.0,0.0,0.0,52.05511998099311,2.33,2.33,Neutral,Neutral
2025-01-06,MU,0.3010302128427128,0.2025483948663802,0.0221002380160894,0.0,0.0,0.0,52.05511998099311,3.79,-1.45,Neutral,Neutral
2025-01-07,MU,0.2164408309283309,0.20050733494390188,-0.0183785387937415,0.0,0.0,-1.5599999999999998,25.31659574040378,-1.45,-3.48,Neutral,Neutral
2025-01-08,MU,0.10024722673160175,0.1841321140836098,-0.0235059196730587,0.0,0.0,0.0,23.638504562849576,-3.48,-3.32,Neutral,Neutral
2025-01-09,MU,0.14637284902597403,0.18397932140846315,-0.0128208993102184,0.0,0.0,0.0,23.638504562849576,-3.32,1.24,Neutral,Neutral
2025-01-10,MU,0.3895653228715729,0.15267021131428216,-0.0052953116608218,0.0,0.0,0.0,23.638504562849576,1.24,1.24,Neutral,Neutral
2025-01-13,MU,0.19285665464165463,0.22319171892532313,-0.0103390149376735,0.0,0.0,0.0,29.604267079660882,-0.81,0.35,Neutral,Neutral
2025-01-14,MU,0.1778585652442795,0.1752274273316473,0.0055300476518219,0.0,0.0,0.0,30.667620703438494,0.35,3.77,Neutral,Neutral
2025-01-15,MU,0.19084983766233768,0.18224788776453,0.025438446323605295,0.0,0.0,0.0,25.2234409923872,3.77,-1.57,Neutral,Neutral
2025-01-16,MU,0.10057655028953727,0.18710622464131316,-0.0016432191116749,0.0,0.0,0.0,22.175894502084752,-1.57,1.09,Neutral,Neutral
2025-01-17,MU,0.27775,0.1453042249492506,0.0072483924871516,0.0,0.0,-0.79,22.175894502084752,1.09,1.09,Neutral,Neutral
2025-01-20,MU,0.22530742424242423,0.22293296736858914,0.0162671252328616,0.0,0.0,0.0,18.997826654554068,1.09,3.75,Neutral,Neutral
2025-01-21,MU,0.28631355519480517,0.20520699870966036,0.0069182672343297,0.0,0.0,0.0,14.957862692184777,3.75,0.055714285714285716,Neutral,Neutral
2025-01-22,MU,0.08870180117501546,0.20604826087762684,0.0165398473800671,0.0,0.0,0.0,14.358270493969124,0.055714285714285716,0.0,Neutral,Neutral
2024-12-18,NFLX,0.2982247635080968,0.18069553738933675,-0.0104674614631679,0.0,0.0,0.0,-10.599148253703357,-3.2,-0.68,Neutral,Neutral
2024-12-19,NFLX,0.3893153979205318,0.17910503390628735,-0.020774095839492,0.0,0.0,0.0,-10.599148253703357,-0.68,1.77,Neutral,Neutral
2024-12-20,NFLX,0.3090044217687074,0.18146798406231085,-0.0006742623106127,0.0,0.0,0.0,-10.599148253703357,1.77,1.7700000000000002,Neutral,Neutral
2024-12-23,NFLX,0.25332095638848884,0.25070001550979415,0.0177050105272122,0.0,0.0,0.0,-10.599148253703357,-0.28,1.87,Neutral,Neutral
2024-12-24,NFLX,0.0877538521032839,0.24584206124075542,0.014819785561153,0.0,0.0,0.9899999999999999,-10.198656922726615,1.87,1.87,Neutral,Neutral
2024-12-25,NFLX,0.462094936611008,0.24637037400611445,0.0149910739731517,0.0,0.0,0.0,-10.617195210917052,1.87,-0.36000000000000004,Bullish,Neutral
2024-12-26,NFLX,0.290955085931679,0.25415174977056776,0.0041751651685085,0.0,0.0,0.0,-10.103394196914934,-0.36000000000000004,-0.92,Neutral,Neutral
2024-12-27,NFLX,0.21338509700176367,0.23391088086093664,-0.0124750321692228,0.0,0.0,0.0,-9.9134800479262,-0.92,-0.92,Neutral,Neutral
2024-12-30,NFLX,0.23893143161304928,0.2465705465687178,-0.012653086107315798,0.0,0.0,0.0,-9.9134800479262,0.44,-1.16,Neutral,Neutral
2024-12-31,NFLX,0.3894460317460317,0.2081253621240901,-0.0094939193595053,0.0,1.21,0.02,-6.5083247318583775,-1.16,-1.16,Neutral,Neutral
2025-01-01,NFLX,0.1141138888888889,0.21257079427325487,-0.0105860502682846,0.0,0.0,0.0,-6.5083247318583775,-1.16,-0.98,Neutral,Neutral
2025-01-02,NFLX,0.32655,0.2144802195963087,-0.0024224904331026,0.0,0.0,0.0,-6.508324731858378,-0.98,-0.98,Neutral,Neutral
2025-01-06,NFLX,0.36366539756539756,0.2025483948663802,0.0221002380160894,0.0,0.0,0.0,-6.5083247318583775,-0.86,-0.02,Neutral,Neutral
2025-01-07,NFLX,0.28901005050505046,0.2005073349439019,-0.0183785387937415,0.0,0.0,0.0,-5.3407707096861,-0.02,-0.65,Neutral,Neutral
2025-01-08,NFLX,0.15150277777777776,0.1841321140836098,-0.0235059196730587,0.0,0.0,0.0,-5.04888220414303,-0.65,-0.57,Neutral,Neutral
2025-01-09,NFLX,0.1866562062937063,0.18397932140846315,-0.0128208993102184,0.0,0.0,0.0,-5.04888220414303,-0.57,-3.26,Neutral,Neutral
2025-01-10,NFLX,0.36894350834350836,0.15267021131428216,-0.0052953116608218,0.0,0.0,0.0,-5.04888220414303,-3.26,-3.26,Neutral,Neutral
2025-01-13,NFLX,0.2918919294990724,0.22319171892532313,-0.0103390149376735,0.0,-0.31,1.8,-0.41036917202839135,0.89,-1.76,Neutral,Neutral
2025-01-14,NFLX,0.31626103896103885,0.1752274273316473,0.0055300476518219,0.0,0.0,2.94,5.59789528309287,-1.76,1.41,Neutral,Neutral
2025-01-15,NFLX,0.19869242424242423,0.18224788776453,0.025438446323605302,0.0,1.15,0.74,5.129256444296599,1.41,-2.21,Neutral,Neutral
2025-01-16,NFLX,0.2939226992143658,0.18710622464131316,-0.0016432191116749,0.0,0.0,0.0,4.081186867941467,-2.21,-2.21,Neutral,Neutral
2025-01-20,NFLX,0.10171818181818182,0.22293296736858914,0.0162671252328616,0.0,0.0,0.0,5.003252360303598,-0.02,0.4510714285714285,Neutral,Neutral
2025-01-21,NFLX,0.1558633207070707,0.20520699870966033,0.0069182672343297,0.0,0.0,0.0,4.3249673566838505,0.4510714285714285,-4.38,Neutral,Neutral
2025-01-22,NFLX,0.22139999999999999,0.20604826087762684,0.0165398473800671,0.0,-0.25,6.19,1.046093670020482,-4.38,2.91,Neutral,Neutral
2024-12-18,NOW,0.10602426346801347,0.18069553738933675,-0.0104674614631679,0.0,0.0,0.0,-5.805942299411513,-5.06,0.43,Neutral,Neutral
2024-12-19,NOW,0.02643378172931744,0.17910503390628735,-0.020774095839492,0.0,0.0,0.0,-5.805942299411513,0.43,2.95,Neutral,Neutral
2024-12-20,NOW,0.09414313963043129,0.18146798406231085,-0.0006742623106127,0.0,0.0,0.0,-5.805942299411513,2.95,0.21,Neutral,Neutral
2024-12-23,NOW,0.12542266769425858,0.21936342201073117,0.0177050105272122,0.0,0.0,0.0,-5.805942299411513,0.21,0.77,Neutral,Neutral
2024-12-24,NOW,0.14767449129324128,0.24584206124075547,0.014819785561153001,0.0,0.0,0.0,-5.765195047866286,0.77,0.77,Neutral,Neutral
2024-12-25,NOW,0.17764369463484045,0.24637037400611445,0.0149910739731517,0.0,0.0,0.0,-5.05728210646244,0.77,-0.08,Neutral,Neutral
2024-12-26,NOW,0.1510357968073593,0.25415174977056776,0.0041751651685085,0.0,0.74,1.0,-5.026886092927382,-0.08,-0.97,Neutral,Neutral
2024-12-27,NOW,0.06919478605609558,0.23391088086093664,-0.0124750321692228,0.0,0.0,0.0,-3.6071206206228905,-0.97,-0.97,Neutral,Neutral
2024-12-30,NOW,0.11831808390022676,0.2465705465687178,-0.0126530861073158,0.0,0.0,0.0,-3.6071206206228905,0.16,-1.25,Neutral,Neutral
2024-12-31,NOW,0.132643202226829,0.2081253621240901,-0.0094939193595053,0.0,-0.05,0.0,-3.6071206206228905,-1.25,-1.25,Neutral,Neutral
2025-01-01,NOW,0.13876166983423077,0.21257079427325487,-0.0105860502682846,0.0,0.0,0.0,-3.6071206206228905,-1.25,-1.79,Neutral,Neutral
2025-01-02,NOW,0.036885142313403174,0.2144802195963087,-0.0024224904331026,0.0,0.0,0.0,-3.6071206206228905,-1.79,1.37,Neutral,Neutral
2025-01-03,NOW,0.04359611726874658,0.16606643430696685,0.0192485591296205,0.0,0.0,0.0,-3.6071206206228905,1.37,-0.64,Neutral,Neutral
2025-01-06,NOW,0.0834514983164983,0.16445403422742594,0.0221002380160894,0.0,0.0,0.0,-3.6071206206228905,-0.64,-1.8600000000000003,Neutral,Neutral
2025-01-07,NOW,0.12311149447113731,0.20050733494390188,-0.0183785387937415,0.0,0.0,1.18,-3.6071206206228905,-1.8600000000000003,-1.21,Neutral,Neutral
2025-01-08,NOW,0.04673960776914772,0.1841321140836098,-0.0235059196730587,0.0,0.0,0.0,-3.6071206206228905,-1.21,-1.21,Neutral,Neutral
2025-01-09,NOW,0.11635955715160261,0.18397932140846318,-0.0128208993102184,0.0,0.0,0.0,-3.6071206206228905,-1.21,-1.4,Neutral,Neutral
2025-01-10,NOW,0.02837945839695233,0.15267021131428216,-0.0052953116608218,0.0,0.0,0.0,-3.6071206206228905,-1.4,0.4600000000000001,Neutral,Neutral
2025-01-13,NOW,0.10487863748145439,0.13856925004536447,-0.0103390149376735,0.0,0.0,5.08,-3.6071206206228905,0.4600000000000001,-0.3,Neutral,Neutral
2025-01-14,NOW,0.1261992958687403,0.1752274273316473,0.0055300476518219,0.0,0.0,2.0,-3.3611343095321486,-0.3,0.08,Neutral,Neutral
2025-01-15,NOW,0.1322134622514831,0.18224788776453,0.0254384463236053,0.0,0.0,0.0,11.890016978093874,0.08,-0.13,Neutral,Neutral
2025-01-16,NOW,0.10899125380792048,0.18710622464131316,-0.0016432191116749,0.0,0.0,0.0,11.890016978093874,-0.13,-0.10000000000000002,Neutral,Neutral
2025-01-17,NOW,0.05470176711309523,0.1453042249492506,0.0072483924871516,0.0,0.0,0.0,11.830472205493493,-0.10000000000000002,-0.1,Neutral,Neutral
2025-01-20,NOW,0.11320687557392103,0.15153198117493305,0.0162671252328616,0.0,0.0,0.0,8.079151531669533,-0.1,0.75,Neutral,Neutral
2025-01-21,NOW,0.11048343960437709,0.20520699870966036,0.0069182672343297,0.0,0.0,0.0,8.079151531669533,0.75,0.91,Neutral,Neutral
2025-01-22,NOW,0.12660195876172436,0.20604826087762684,0.0165398473800671,0.0,0.0,1.78,8.079151531669533,0.91,1.48,Neutral,Neutral
2024-12-18,NVDA,0.2520644935971589,0.18069553738933675,-0.0104674614631679,0.0,0.0,0.0,34.21274637625586,-3.7100000000000004,-0.79,Neutral,Neutral
2024-12-19,NVDA,0.22495077207645414,0.17910503390628735,-0.020774095839492,0.0,0.0,0.0,34.21274637625586,-0.79,3.77,Neutral,Neutral
2024-12-20,NVDA,0.2713587121212121,0.18146798406231085,-0.0006742623106127,0.0,0.0,0.0,34.21274637625586,3.77,3.7699999999999996,Neutral,Neutral
2024-12-23,NVDA,0.31922110435608736,0.25070001550979415,0.0177050105272122,0.0,0.0,0.0,34.21274637625586,2.49,0.18,Neutral,Neutral
2024-12-24,NVDA,0.29412991626888996,0.24584206124075544,0.014819785561153,0.0,0.0,0.0,27.57578211601604,0.18,0.16,Neutral,Neutral
2024-12-25,NVDA,0.33382601122642785,0.24637037400611445,0.0149910739731517,0.0,0.0,0.0,24.803879617743547,0.16,0.29,Neutral,Neutral
2024-12-26,NVDA,0.36465986766950065,0.25415174977056776,0.0041751651685085,0.0,0.0,0.0,25.215126020434578,0.29,-1.12,Neutral,Neutral
2024-12-27,NVDA,0.3535674294532628,0.23391088086093664,-0.0124750321692228,0.0,0.0,0.0,25.06253126563281,-1.12,-1.12,Neutral,Neutral
2024-12-30,NVDA,0.29861452084505813,0.2465705465687178,-0.0126530861073158,0.0,0.0,0.0,25.06253126563281,1.97,-2.72,Neutral,Neutral
2024-12-31,NVDA,0.30713628177378177,0.2081253621240901,-0.0094939193595053,0.0,0.0,0.0,28.345776970027163,-2.72,-2.71,Neutral,Neutral
2025-01-01,NVDA,0.44478699294532625,0.21257079427325487,-0.0105860502682846,0.0,0.0,0.0,30.31498994712935,-2.71,1.7,Bullish,Neutral
2025-01-02,NVDA,0.40480851449275357,0.2144802195963087,-0.0024224904331026,0.0,0.0,0.0,30.314989947129355,1.7,3.18,Bullish,Neutral
2025-01-03,NVDA,0.3953131944444444,0.16606643430696685,0.0192485591296205,0.0,0.0,0.0,30.31498994712935,3.18,3.18,Neutral,Neutral
2025-01-06,NVDA,0.2814944446756946,0.2025483948663802,0.0221002380160894,0.0,0.0,0.0,30.314989947129355,0.56,-8.43,Neutral,Neutral
2025-01-07,NVDA,0.23588693245107714,0.20050733494390188,-0.0183785387937415,0.0,0.0,0.0,25.00283380476307,-8.43,-1.7887234042553193,Neutral,Neutral
2025-01-08,NVDA,0.23536142280198133,0.1841321140836098,-0.023505919673058703,0.0,0.0,0.0,24.87512487512489,-1.7887234042553193,-1.7299999999999998,Neutral,Neutral
2025-01-09,NVDA,0.28834226760082027,0.18397932140846315,-0.0128208993102184,0.0,0.0,0.0,24.87512487512489,-1.7299999999999998,-1.06,Neutral,Neutral
2025-01-10,NVDA,0.25573762626262625,0.15267021131428216,-0.0052953116608218,0.0,0.0,0.0,24.875124875124886,-1.06,-1.06,Neutral,Neutral
2025-01-13,NVDA,0.1947062836153745,0.22319171892532313,-0.0103390149376735,0.0,0.0,0.0,30.810228185249233,2.49,-3.16,Neutral,Neutral
2025-01-14,NVDA,0.2509504129303236,0.1752274273316473,0.0055300476518219,0.0,0.51,0.0,32.90530303678234,-3.16,1.9500000000000002,Neutral,Neutral
2025-01-15,NVDA,0.299598905210643,0.18224788776453,0.0254384463236053,0.0,0.0,0.0,30.116520815337612,1.9500000000000002,-3.7,Neutral,Neutral
2025-01-16,NVDA,0.26228364109848484,0.18710622464131316,-0.0016432191116749,0.0,0.0,0.0,28.449794480328823,-3.7,1.1,Neutral,Neutral
2025-01-17,NVDA,-0.0522547619047618,0.1453042249492506,0.0072483924871516,0.0,0.0,0.0,28.449794480328823,1.1,1.1,Neutral,Neutral
2025-01-20,NVDA,0.33510801336344814,0.22293296736858917,0.0162671252328616,0.0,0.0,0.0,27.31710456174264,1.1,1.2,Neutral,Neutral
2025-01-21,NVDA,0.2977137321490769,0.20520699870966036,0.0069182672343297,0.0,0.0,0.0,25.613238799400833,1.2,1.6,Neutral,Neutral
2025-01-22,NVDA,0.273657879174397,0.20604826087762684,0.0165398473800671,0.0,0.0,0.0,19.972043449462493,1.6,1.52,Neutral,Neutral
2024-12-18,PLTR,0.5823444444444444,0.18069553738933675,-0.0104674614631679,0.0,0.0,0.0,-45.20928715946236,-3.21,0.3,Bullish,Neutral
2024-12-19,PLTR,0.23275119047619047,0.17910503390628735,-0.020774095839492,0.0,0.0,0.0,-45.20928715946236,0.3,0.3,Neutral,Neutral
2024-12-23,PLTR,0.32582735569985566,0.25070001550979415,0.0177050105272122,0.0,0.0,0.0,-45.20928715946236,0.05,1.58,Neutral,Neutral
2024-12-24,PLTR,0.26956393939393936,0.24584206124075544,0.014819785561152998,0.0,0.53,1.22,-49.23818874390406,1.58,1.59,Neutral,Neutral
2024-12-25,PLTR,0.3277059764309764,0.24637037400611445,0.0149910739731517,0.0,0.0,0.0,-49.62369507161932,1.59,-1.25,Neutral,Neutral
2024-12-26,PLTR,0.20750416666666668,0.25415174977056776,0.0041751651685085,0.0,0.0,0.0,-49.525366352623394,-1.25,-1.25,Neutral,Neutral
2024-12-30,PLTR,0.27015694244027577,0.2465705465687178,-0.0126530861073158,0.0,0.0,0.0,-49.35324706706484,0.47,-2.51,Neutral,Neutral
2024-12-31,PLTR,0.3124271546635182,0.2081253621240901,-0.0094939193595053,0.0,0.0,0.0,-45.49151735739702,-2.51,-2.5100000000000002,Neutral,Neutral
2025-01-01,PLTR,0.4932854875283446,0.2125707942732549,-0.0105860502682846,0.0,0.0,0.0,-45.12759486976067,-2.5100000000000002,-1.34,Bullish,Neutral
2025-01-02,PLTR,0.2976811553030303,0.2144802195963087,-0.0024224904331026,0.0,0.0,0.0,-45.12759486976067,-1.34,-1.34,Neutral,Neutral
2025-01-06,PLTR,0.22075530303030302,0.2025483948663802,0.0221002380160894,0.0,0.0,0.0,-45.12759486976067,-3.6399999999999997,-6.82,Neutral,Neutral
2025-01-07,PLTR,0.3086266666666667,0.2005073349439019,-0.0183785387937415,0.0,-2.03,1.2,-41.062389214846235,-6.82,0.13,Neutral,Neutral
2025-01-08,PLTR,0.13737500000000002,0.1841321140836098,-0.023505919673058696,0.0,0.0,0.0,-40.390865609787255,0.13,0.16,Neutral,Neutral
2025-01-09,PLTR,0.27079833333333336,0.18397932140846315,-0.0128208993102184,0.0,0.0,0.0,-40.390865609787255,0.16,0.16,Neutral,Neutral
2025-01-13,PLTR,0.23171242424242422,0.22319171892532313,-0.0103390149376735,0.0,0.0,0.0,-35.07130514698279,1.26,-2.04,Neutral,Neutral
2025-01-14,PLTR,0.27851941287878784,0.1752274273316473,0.0055300476518219,0.0,0.0,0.0,-36.064613649337346,-2.04,-0.58,Neutral,Neutral
2025-01-15,PLTR,0.21359111111111112,0.18224788776453,0.025438446323605302,0.0,0.0,0.0,-37.70416841615378,-0.58,0.11,Neutral,Neutral
2025-01-16,PLTR,0.2890712121212121,0.18710622464131316,-0.0016432191116749,0.0,0.0,0.0,-38.74425727411945,0.11,0.11000000000000001,Neutral,Neutral
2025-01-20,PLTR,0.3212,0.22293296736858914,0.0162671252328616,0.0,0.0,0.0,-38.74425727411945,1.37,-0.18,Neutral,Neutral
2025-01-21,PLTR,0.23945119047619046,0.20520699870966036,0.0069182672343297,0.0,0.0,0.0,-41.34085200061406,-0.18,3.11,Neutral,Neutral
2024-12-18,PTON,0.5471666666666667,0.18069553738933675,-0.0104674614631679,0.0,0.0,0.0,-19.5837275307474,-11.36,0.43,Bullish,Neutral
2024-12-25,PTON,-0.155170987654321,0.21752878462006664,0.0149910739731517,0.0,0.0,0.0,-19.5837275307474,0.43,9.84,Neutral,Neutral
2024-12-26,PTON,0.3607499999999999,0.25415174977056776,0.0041751651685085,0.0,0.0,5.88,-19.5837275307474,9.84,-7.21,Neutral,Neutral
2024-12-27,PTON,0.3168208333333333,0.23391088086093664,-0.0124750321692228,0.0,0.0,0.0,-19.5837275307474,-7.21,-1.97,Neutral,Neutral
2024-12-30,PTON,0.3269142857142857,0.21697878701665754,-0.0126530861073158,0.0,0.0,0.0,-19.5837275307474,-1.97,-3.65,Neutral,Neutral
2024-12-31,PTON,0.4441833333333333,0.2081253621240901,-0.0094939193595053,0.0,0.0,0.0,2.857142857142857,-3.65,0.94,Bullish,Neutral
2025-01-08,PTON,0.4525166666666667,0.1813835783021302,-0.0235059196730587,0.0,0.0,0.0,2.857142857142857,0.94,3.11,Bullish,Neutral
2025-01-13,PTON,0.2125,0.16987836013954544,-0.0103390149376735,0.0,0.0,0.0,2.857142857142857,3.11,-3.64,Neutral,Neutral
2024-12-24,QUBT,0.0,0.24584206124075544,0.014819785561153,0.0,0.0,0.0,-50.24144855080323,-4.28,15.21,Neutral,Neutral
2024-12-26,QUBT,0.0,0.2448717622533757,0.0041751651685085,0.0,0.0,0.0,-50.27785902310617,15.21,-9.29,Neutral,Neutral
2024-12-27,QUBT,0.4791666666666666,0.23391088086093664,-0.0124750321692228,0.0,0.0,0.0,-50.27785902310617,-9.29,-9.36,Bullish,Neutral
2024-12-31,QUBT,0.07646666666666667,0.20631519881147686,-0.0094939193595053,0.0,0.0,0.0,-48.6404833836858,-9.36,4.57,Neutral,Neutral
2025-01-06,QUBT,0.24825,0.19775879916242228,0.0221002380160894,0.0,0.0,0.0,-48.6404833836858,4.57,-2.67,Neutral,Neutral
2025-01-07,QUBT,0.2028,0.20050733494390188,-0.0183785387937415,0.0,0.0,0.0,-51.13538373095717,-2.67,-15.59,Neutral,Neutral
2025-01-08,QUBT,0.08998459467120182,0.1841321140836098,-0.0235059196730587,0.0,0.0,0.0,-51.13538373095717,-15.59,-15.300000000000002,Neutral,Neutral
2025-01-09,QUBT,-0.0990388888888889,0.18397932140846313,-0.012820899310218398,0.0,0.0,0.0,-51.135383730957166,-15.300000000000002,-15.73375,Neutral,Neutral
2025-01-13,QUBT,0.34488214285714286,0.1885522988626576,-0.0103390149376735,0.0,0.0,0.0,4.642700857612508,-15.73375,3.63,Neutral,Neutral
2025-01-14,QUBT,0.05021666666666669,0.1752274273316473,0.0055300476518219,0.0,0.0,0.0,15.994339232002032,3.63,31.62,Neutral,Neutral
2025-01-15,QUBT,0.25349285714285713,0.18224788776453,0.0254384463236053,0.0,0.0,0.0,-21.77347640017099,31.62,-11.83,Neutral,Neutral
2024-12-24,RGTI,0.174,0.24584206124075544,0.014819785561153,0.0,-1.04,0.0,-71.52159933968693,2.85,2.71,Neutral,Neutral
2024-12-25,RGTI,0.3437333333333333,0.24637037400611445,0.0149910739731517,0.0,0.0,0.0,-71.36563876651982,2.71,37.86,Neutral,Neutral
2024-12-26,RGTI,0.24617209467120177,0.25415174977056776,0.0041751651685085,0.0,0.0,0.0,-78.27413903341261,37.86,1.07,Neutral,Neutral
2024-12-27,RGTI,0.3723907407407407,0.23391088086093664,-0.0124750321692228,0.0,0.0,0.0,-78.95077720207254,1.07,8.42,Neutral,Neutral
2024-12-30,RGTI,0.39311304112554113,0.21697878701665754,-0.0126530861073158,0.0,0.0,0.0,-78.95077720207254,8.42,-12.65,Neutral,Neutral
2024-12-31,RGTI,0.265275,0.2081253621240901,-0.0094939193595053,0.0,0.0,0.0,-80.14965958122627,-12.65,-12.65,Neutral,Neutral
2025-01-01,RGTI,0.0,0.2125707942732549,-0.0105860502682846,0.0,0.0,0.0,-78.70249017038007,-12.65,23.92,Neutral,Neutral
2025-01-02,RGTI,0.1024722222222222,0.2144802195963087,-0.0024224904331026,0.0,0.0,0.0,-78.70249017038007,23.92,5.12,Neutral,Neutral
2025-01-06,RGTI,-0.09669999999999998,0.1996682244854761,0.0221002380160894,0.0,0.0,0.0,-78.70249017038007,5.12,-20.63,Neutral,Neutral
2025-01-08,RGTI,0.22151201814058954,0.18168060354564308,-0.0235059196730587,0.0,0.0,0.0,-78.70249017038007,-20.63,-20.63,Neutral,Neutral
2025-01-09,RGTI,0.06636111111111105,0.18397932140846315,-0.0128208993102184,0.0,0.0,0.0,-78.70249017038007,-20.63,-9.71,Neutral,Neutral
2025-01-10,RGTI,0.0,0.15267021131428216,-0.0052953116608218,0.0,0.0,0.0,-78.70249017038007,-9.71,-9.71,Neutral,Neutral
2025-01-13,RGTI,0.25018518518518523,0.22319171892532313,-0.0103390149376735,0.0,0.0,0.0,-51.25909173532215,-17.46,36.23,Neutral,Neutral
2025-01-14,RGTI,0.05890074074074074,0.1752274273316473,0.0055300476518219,0.0,0.0,69.23,-34.79916209905993,36.23,5.650000000000001,Neutral,Neutral
2025-01-15,RGTI,0.3223361111111111,0.18224788776453,0.0254384463236053,0.0,0.0,0.0,-49.742375355217284,5.650000000000001,8.18,Neutral,Neutral
2025-01-16,RGTI,0.21967462121212117,0.18710622464131316,-0.0016432191116749,0.0,0.0,0.0,-49.72577696526508,8.18,34.42,Neutral,Neutral
2025-01-21,RGTI,0.420925,0.19897924248397791,0.0069182672343297,0.0,0.0,0.0,-49.72577696526508,34.42,-1.24,Bullish,Neutral
2024-12-24,SMCI,0.24911444444444447,0.24584206124075544,0.014819785561152998,0.0,4.55,0.76,-1.6325772310378004,6.09,6.28,Neutral,Neutral
2024-12-25,SMCI,-0.5079,0.24637037400611445,0.0149910739731517,0.0,0.0,0.0,-3.8741625400524273,6.28,-3.9,Bearish,Neutral
2024-12-26,SMCI,0.36183743386243383,0.25415174977056776,0.0041751651685085,0.0,0.0,0.0,-3.3508770685229488,-3.9,-3.82,Neutral,Neutral
2024-12-27,SMCI,0.28884999999999994,0.23391088086093664,-0.0124750321692228,0.0,0.0,0.0,-3.055229142185661,-3.82,-1.87,Neutral,Neutral
2024-12-30,SMCI,0.25460675505050506,0.21697878701665754,-0.0126530861073158,0.0,0.0,0.0,-3.055229142185661,-1.87,-1.17,Neutral,Neutral
2024-12-31,SMCI,0.22530530303030305,0.2081253621240901,-0.0094939193595053,0.0,0.0,0.0,8.267716535433069,-1.17,-2.97,Neutral,Neutral
2025-01-02,SMCI,0.3562126984126984,0.1993711992419632,-0.0024224904331026,-25.0,0.0,0.0,8.267716535433069,-2.97,4.29,Neutral,Neutral
2025-01-06,SMCI,0.3631249999999999,0.1996682244854761,0.0221002380160894,0.0,0.0,0.0,8.267716535433069,4.29,-5.0,Neutral,Neutral
2025-01-07,SMCI,0.26335,0.20050733494390188,-0.0183785387937415,0.0,0.0,0.0,8.267716535433069,-5.0,-3.55,Neutral,Neutral
2025-01-08,SMCI,0.0625,0.1841321140836098,-0.0235059196730587,0.0,0.0,0.0,8.267716535433069,-3.55,-4.0,Neutral,Neutral
2025-01-09,SMCI,0.3478833333333333,0.18397932140846315,-0.0128208993102184,0.0,0.0,0.0,8.267716535433069,-4.0,0.91,Neutral,Neutral
2025-01-13,SMCI,0.11506515151515151,0.18855229886265762,-0.0103390149376735,0.0,0.0,0.0,6.143476442415694,0.91,-4.44,Neutral,Neutral
2025-01-14,SMCI,0.36901666666666666,0.1752274273316473,0.0055300476518219,0.0,0.0,0.0,8.196825989941834,-4.44,-1.24,Neutral,Neutral
2025-01-15,SMCI,0.47510606060606064,0.18224788776453,0.0254384463236053,0.0,0.0,0.0,6.478233022543726,-1.24,-2.48,Bullish,Neutral
2025-01-16,SMCI,0.4829472222222222,0.18710622464131316,-0.0016432191116749,0.0,0.0,0.0,6.485963213939986,-2.48,-2.48,Bullish,Neutral
2025-01-20,SMCI,0.6393277777777777,0.22293296736858914,0.0162671252328616,0.0,0.0,0.0,7.073329007138221,-2.93,3.25,Bullish,Neutral
2025-01-21,SMCI,0.5046499999999999,0.20520699870966036,0.0069182672343297,0.0,0.0,0.0,4.828462515883099,3.25,-0.32,Bullish,Neutral
2024-12-18,SMR,0.19962580808080807,0.18069553738933675,-0.0104674614631679,0.0,0.0,0.0,-7.876554583141411,-15.069999999999999,-4.04,Neutral,Neutral
2024-12-19,SMR,0.4569707792207793,0.17910503390628735,-0.020774095839492,0.0,0.0,0.0,-7.876554583141412,-4.04,-4.04,Bullish,Neutral
2024-12-23,SMR,0.2076926948051948,0.25070001550979415,0.0177050105272122,0.0,0.0,0.0,-7.876554583141412,0.1,6.92,Neutral,Neutral
2024-12-24,SMR,0.4251222222222222,0.24584206124075544,0.014819785561153,0.0,0.0,0.0,-7.876554583141412,6.92,6.92,Bullish,Neutral
2024-12-25,SMR,-0.195,0.24637037400611445,0.0149910739731517,0.0,0.0,0.0,-7.876554583141412,6.92,2.83,Neutral,Neutral
2024-12-26,SMR,0.5577607142857142,0.25415174977056776,0.0041751651685085,0.0,0.0,0.0,-6.967258909891802,2.83,-10.63,Bullish,Neutral
2024-12-27,SMR,0.49075,0.23391088086093664,-0.0124750321692228,0.0,0.0,0.0,-8.340971585701192,-10.63,-10.63,Bullish,Neutral
2024-12-30,SMR,0.28106101010101014,0.24657054656871777,-0.0126530861073158,0.0,0.0,0.0,-8.340971585701192,-4.41,-2.66,Neutral,Neutral
2024-12-31,SMR,0.2319401515151515,0.20812536212409008,-0.0094939193595053,0.0,0.0,0.0,12.279495616139439,-2.66,-2.66,Neutral,Neutral
2025-01-01,SMR,0.0,0.2125707942732549,-0.0105860502682846,0.0,0.0,0.0,13.41083073433512,-2.66,-4.63,Neutral,Neutral
2025-01-02,SMR,0.6079772727272728,0.2144802195963087,-0.0024224904331026,0.0,0.0,0.0,13.41083073433512,-4.63,6.339999999999999,Bullish,Neutral
2025-01-06,SMR,0.17433441558441554,0.1996682244854761,0.0221002380160894,0.0,0.0,0.0,13.41083073433512,6.339999999999999,-7.93,Neutral,Neutral
2025-01-07,SMR,0.0,0.20050733494390188,-0.0183785387937415,0.0,0.0,0.0,13.41083073433512,-7.93,-4.14,Neutral,Neutral
2025-01-08,SMR,0.2638113636363636,0.1841321140836098,-0.0235059196730587,0.0,0.0,0.0,13.41083073433512,-4.14,-4.14,Neutral,Neutral
2025-01-09,SMR,0.4900277777777778,0.18397932140846313,-0.012820899310218398,0.0,0.0,0.0,13.41083073433512,-4.14,-4.14,Bullish,Neutral
2025-01-13,SMR,0.39992484848484844,0.22319171892532313,-0.0103390149376735,0.0,0.0,0.0,7.187349796383383,-0.32,-2.14,Neutral,Neutral
2025-01-14,SMR,0.3618568181818182,0.1752274273316473,0.005530047651821901,0.0,0.0,0.0,3.7609571296899786,-2.14,3.17,Neutral,Neutral
2025-01-15,SMR,0.2946309523809524,0.18224788776453,0.0254384463236053,0.0,0.0,0.0,-2.6053080107134168,3.17,-4.52,Neutral,Neutral
2025-01-16,SMR,0.18171547619047615,0.18710622464131316,-0.0016432191116749,0.0,0.0,0.0,-2.6053080107134168,-4.52,-4.52,Neutral,Neutral
2025-01-20,SMR,0.6005499999999999,0.22293296736858914,0.0162671252328616,0.0,0.0,0.0,7.868943627779392,4.64,7.33,Bullish,Neutral
2025-01-21,SMR,-0.15062916666666665,0.20520699870966036,0.0069182672343297,0.0,0.0,0.0,6.387689324642093,7.33,-1.24,Neutral,Neutral
2025-01-22,SMR,0.1012481818181818,0.20604826087762684,0.0165398473800671,0.0,0.0,0.0,1.5122237922053876,-1.24,17.49,Neutral,Neutral
2024-12-18,TDS,0.15535952730065633,0.18069553738933675,-0.0104674614631679,0.0,0.0,0.0,34.854771784232355,-2.59,1.27,Neutral,Neutral
2024-12-19,TDS,0.11561109983766232,0.17910503390628735,-0.020774095839492,0.0,0.0,0.0,34.854771784232355,1.27,1.58,Neutral,Neutral
2024-12-20,TDS,0.18053333333333332,0.18146798406231085,-0.0006742623106127001,0.0,0.0,0.0,34.854771784232355,1.58,1.58,Neutral,Neutral
2024-12-23,TDS,0.15626747100635988,0.25070001550979415,0.0177050105272122,0.0,0.0,0.0,34.854771784232355,-0.94,1.84,Neutral,Neutral
2024-12-24,TDS,0.14809614718614716,0.24584206124075544,0.014819785561153,0.0,0.0,14.29,45.93850492115591,1.84,1.84,Neutral,Neutral
2024-12-25,TDS,0.09915102040816325,0.24637037400611445,0.0149910739731517,0.0,0.0,0.0,51.294733779458845,1.84,1.61,Neutral,Neutral
2024-12-26,TDS,0.17503805358001784,0.25415174977056776,0.0041751651685085,0.0,0.0,0.0,49.50582105278498,1.61,1.43,Neutral,Neutral
2024-12-27,TDS,0.38308571428571425,0.23391088086093664,-0.0124750321692228,0.0,0.0,0.0,49.51121334100057,1.43,1.3004166666666666,Neutral,Neutral
2024-12-30,TDS,0.052566276061103645,0.2465705465687178,-0.0126530861073158,0.0,0.0,0.0,49.51121334100057,-1.68,-0.26,Neutral,Neutral
2024-12-31,TDS,0.15264358164983163,0.2081253621240901,-0.0094939193595053,0.0,0.0,0.0,51.375031323205825,-0.26,-0.26,Neutral,Neutral
2025-01-01,TDS,0.09911013708513708,0.2125707942732549,-0.0105860502682846,0.0,0.0,0.0,52.53740099735992,-0.26,-0.06,Neutral,Neutral
2025-01-02,TDS,0.10215583333333333,0.2144802195963087,-0.0024224904331026,0.0,0.0,0.0,52.53740099735992,-0.06,-2.28,Neutral,Neutral
2025-01-03,TDS,-0.09926296296296296,0.16606643430696685,0.0192485591296205,0.0,0.0,0.0,52.53740099735992,-2.28,-2.28,Neutral,Neutral
2025-01-06,TDS,0.09098778739778739,0.2025483948663802,0.0221002380160894,0.0,0.0,0.0,52.53740099735992,-2.12,-1.62,Neutral,Neutral
2025-01-07,TDS,0.09681976224833366,0.20050733494390188,-0.0183785387937415,0.0,0.0,0.0,58.08515202055245,-1.62,2.36,Neutral,Neutral
2025-01-08,TDS,0.24905923120089785,0.1841321140836098,-0.0235059196730587,0.0,0.0,0.0,58.972791195353096,2.36,2.36,Neutral,Neutral
2025-01-09,TDS,0.11767275132275132,0.18397932140846315,-0.0128208993102184,0.0,0.0,0.0,58.972791195353096,2.36,0.58,Neutral,Neutral
2025-01-10,TDS,-0.07774810606060603,0.15267021131428216,-0.0052953116608218,0.0,0.0,0.0,58.9727911953531,0.58,0.58,Neutral,Neutral
2025-01-13,TDS,0.17752397727272726,0.22319171892532313,-0.0103390149376735,-50.0,0.0,0.0,55.99087331343704,3.001,1.69,Neutral,Neutral
2025-01-14,TDS,0.09695649160780738,0.1752274273316473,0.0055300476518219,100.0,0.0,0.0,52.63689751925122,1.69,-1.28,Neutral,Neutral
2025-01-15,TDS,0.07645179235968709,0.18224788776453,0.0254384463236053,0.0,0.0,0.0,49.21066819395704,-1.28,0.75,Neutral,Neutral
2025-01-16,TDS,0.17190906120023766,0.18710622464131316,-0.0016432191116749,0.0,0.0,0.0,49.51121334100057,0.75,1.9500000000000002,Neutral,Neutral
2025-01-17,TDS,0.18426978114478113,0.1453042249492506,0.0072483924871516,0.0,0.0,0.0,49.51121334100057,1.9500000000000002,1.95,Neutral,Neutral
2025-01-20,TDS,0.12081930014430013,0.22293296736858914,0.0162671252328616,0.0,0.0,0.0,45.381126514424885,1.95,-0.91,Neutral,Neutral
2025-01-21,TDS,0.13886949254449252,0.20520699870966036,0.0069182672343297,0.0,0.0,0.0,44.0801050808028,-0.91,1.45,Neutral,Neutral
2025-01-22,TDS,0.1010219696969697,0.20604826087762684,0.0165398473800671,0.0,0.0,0.0,43.33568437107991,1.45,-1.02,Neutral,Neutral
2024-12-18,TSLA,0.2775195073024618,0.18069553738933675,-0.0104674614631679,0.0,0.0,0.0,-43.31378990330776,-5.62,-3.49,Neutral,Neutral
2024-12-19,TSLA,0.21358691627155912,0.17910503390628735,-0.020774095839492,0.0,0.0,0.0,-43.31378990330776,-3.49,-1.04,Neutral,Neutral
2024-12-20,TSLA,0.011468187830687843,0.18146798406231085,-0.0006742623106127,0.0,0.0,0.0,-43.31378990330776,-1.04,-1.04,Neutral,Neutral
2024-12-23,TSLA,0.2543669626013284,0.25070001550979415,0.0177050105272122,0.0,0.0,0.0,-43.31378990330776,-0.08,6.049999999999999,Neutral,Neutral
2024-12-24,TSLA,0.3595415237750465,0.24584206124075544,0.014819785561153,0.0,0.0,0.0,-41.036532255604406,6.049999999999999,6.05,Neutral,Neutral
2024-12-25,TSLA,0.1948544820499366,0.24637037400611445,0.0149910739731517,0.0,0.0,0.0,-41.05628623345158,6.05,-2.37,Neutral,Neutral
2024-12-26,TSLA,0.36315656747853714,0.25415174977056776,0.0041751651685085,0.0,0.0,0.0,-40.472771030162534,-2.37,-3.97,Neutral,Neutral
2024-12-27,TSLA,0.32206145833333333,0.23391088086093664,-0.0124750321692228,0.0,0.0,0.0,-39.99845859115231,-3.97,-3.97,Neutral,Neutral
2024-12-30,TSLA,0.2417120162337662,0.2465705465687178,-0.012653086107315798,0.0,0.0,0.0,-39.99845859115231,-0.43,-4.71,Neutral,Neutral
2024-12-31,TSLA,0.1621794025974026,0.2081253621240901,-0.0094939193595053,0.0,0.0,0.0,-34.51327316710323,-4.71,-4.71,Neutral,Neutral
2025-01-01,TSLA,0.020067739898989887,0.2125707942732549,-0.0105860502682846,0.0,0.0,0.0,-32.526495641838345,-4.71,-2.77,Neutral,Neutral
2025-01-02,TSLA,0.25034675010979357,0.2144802195963087,-0.0024224904331026,0.0,0.0,0.0,-32.526495641838345,-2.77,7.54,Neutral,Neutral
2025-01-03,TSLA,-0.06435833333333335,0.16606643430696685,0.0192485591296205,0.0,0.0,0.0,-32.526495641838345,7.54,7.54,Neutral,Neutral
2025-01-06,TSLA,0.24035862794612795,0.2025483948663802,0.0221002380160894,0.0,0.0,0.0,-32.526495641838345,-2.9,-2.82,Neutral,Neutral
2025-01-07,TSLA,0.25123440527726243,0.20050733494390188,-0.0183785387937415,0.0,2.7600000000000002,1.11,-30.77567128985672,-2.82,0.48,Neutral,Neutral
2025-01-08,TSLA,0.16766989856548678,0.1841321140836098,-0.0235059196730587,0.0,0.0,0.0,-30.139973628157023,0.48,0.51,Neutral,Neutral
2025-01-09,TSLA,0.10444348984348985,0.18397932140846315,-0.0128208993102184,0.0,0.0,0.0,-30.139973628157016,0.51,0.9,Neutral,Neutral
2025-01-10,TSLA,0.026433333333333295,0.15267021131428216,-0.0052953116608218,0.0,0.0,0.0,-30.13997362815702,0.9,0.9,Neutral,Neutral
2025-01-13,TSLA,0.21705597572362278,0.22319171892532313,-0.0103390149376735,0.0,0.0,0.0,-30.79782889952959,5.25,-4.36,Neutral,Neutral
2025-01-14,TSLA,0.0852651515151515,0.1752274273316473,0.0055300476518219,0.0,0.0,0.0,-31.153697704729353,-4.36,4.48,Neutral,Neutral
2025-01-15,TSLA,0.25601561447811444,0.18224788776453,0.025438446323605295,0.0,0.95,6.36,-30.998654347737677,4.48,-2.28,Neutral,Neutral
2025-01-16,TSLA,0.1298995361781076,0.18710622464131316,-0.0016432191116749,0.0,0.0,0.0,-31.77892114636929,-2.28,-1.8537499999999998,Neutral,Neutral
2025-01-20,TSLA,0.2791149831649831,0.22293296736858914,0.0162671252328616,0.0,0.0,0.0,-30.83718883538687,1.13,-2.02,Neutral,Neutral
2025-01-21,TSLA,0.3684177262420119,0.20520699870966036,0.0069182672343297,0.0,0.0,0.0,-28.425261320458763,-2.02,-0.38999999999999996,Neutral,Neutral
2024-12-18,ZG,0.3841833333333333,0.18069553738933675,-0.0104674614631679,0.0,0.0,0.0,-3.300670448684892,-6.87,-6.87,Neutral,Neutral
2024-12-23,ZG,0.4513333333333332,0.25070001550979415,0.0177050105272122,0.0,0.0,0.0,-3.300670448684892,-0.52,0.15,Bullish,Neutral
2024-12-24,ZG,0.5638166666666666,0.24584206124075544,0.014819785561153,0.0,0.0,4.0,5.69105691056911,0.15,1.03,Bullish,Neutral
2024-12-26,ZG,0.5860128787878788,0.2448717622533757,0.0041751651685085,0.0,0.0,0.0,5.69105691056911,1.03,1.03,Bullish,Neutral
2024-12-30,ZG,0.418684126984127,0.2465705465687178,-0.0126530861073158,0.0,0.0,0.0,5.69105691056911,-0.97,-1.21,Bullish,Neutral
2024-12-31,ZG,-0.0777047619047619,0.2081253621240901,-0.0094939193595053,0.0,0.0,0.0,9.396914446002809,-1.21,0.32,Neutral,Neutral
2025-01-06,ZG,0.26931666666666665,0.19775879916242228,0.0221002380160894,0.0,0.0,0.0,9.396914446002809,0.32,-3.77,Neutral,Neutral
2025-01-07,ZG,0.54295,0.20050733494390188,-0.0183785387937415,0.0,0.0,0.77,12.117537978746151,-3.77,-1.63,Bullish,Neutral
2025-01-09,ZG,0.2647,0.20280605280672195,-0.0128208993102184,0.0,0.0,0.0,12.117537978746151,-1.63,0.31,Neutral,Neutral
2025-01-14,ZG,0.45291666666666663,0.189328388600565,0.0055300476518219,0.0,0.0,1.78,15.866843665178127,0.31,0.04,Bullish,Neutral
2025-01-15,ZG,0.1170666666666666,0.18224788776453,0.0254384463236053,0.0,0.0,0.0,10.51250172675784,0.04,1.7,Neutral,Neutral
2025-01-16,ZG,0.31875,0.18710622464131316,-0.0016432191116749,0.0,0.0,0.0,10.51250172675784,1.7,-0.23,Neutral,Neutral
2025-01-20,ZG,0.09537272727272723,0.19194794704880344,0.0162671252328616,0.0,0.0,0.0,6.908993719096622,-0.23,-0.95,Neutral,Neutral
2025-01-21,ZG,-0.07111428571428571,0.20520699870966036,0.0069182672343297,0.0,0.0,0.0,6.773649802308431,-0.95,1.3500000000000003,Neutral,Neutral
