publish_date,ticker,article_sentiment,daily_avg_ticker_sentiment,average_market_sentiment,average_market_percent_change,RatingScore,analyst_score,target_score,Close,Daily_Percent_Difference,Next_Day_Percent_Change
2024-12-17,AAPL,0.2557757836771072,0.2209891974626107,0.2090827843693878,-0.0030607590683507002,3.0,68.61702127659575,-1.1202804475071224,253.47999572753903,0.9719576588042528,-2.142177989310781
2024-12-17,ACHR,0.427486111111111,0.4050740740740741,0.2090827843693878,-0.0030607590683507,2.0,83.33333333333333,23.874030965971418,9.09000015258789,8.343263177840475,-1.540157766475904
2024-12-17,AMD,0.34424065656565656,0.3098890432098765,0.2090827843693878,-0.0030607590683507,3.0,72.39583333333333,45.33998327919006,125.0199966430664,-1.3181827817172995,-2.887532457118524
2024-12-17,AMZN,0.1855533333333333,0.1855533333333333,0.2090827843693878,-0.0030607590683507,3.0,80.22388059701493,1.9078168618220084,231.14999389648443,-0.7641775792156067,-4.5987410359975405
2024-12-17,AVGO,0.24150709288367128,0.23369841638436342,0.2090827843693878,-0.0030607590683507,3.0,76.74418604651163,-3.246578795525441,240.229995727539,-3.9080017089843757,-9.120421593051145
2024-12-17,CRM,0.24968407407407406,0.2502909406565656,0.2090827843693878,-0.0030607590683507002,4.0,74.0,16.56620270055623,350.9700012207031,-1.7523751009442996,-3.914861722251521
2024-12-17,GME,0.61625,0.61625,0.2090827843693878,-0.0030607590683507,2.0,25.0,-68.01023672424824,31.26000022888184,6.182064068642781,-8.669228957066535
2024-12-17,GOOGL,0.23025024572827532,0.2591899114852344,0.2090827843693878,-0.0030607590683507,4.0,76.20967741935483,7.655770728059523,195.4199981689453,-0.6305326299569145,-3.5922650385002926
2024-12-17,GSAT,0.17434166666666664,0.1743416666666666,0.2090827843693878,-0.0030607590683507,2.0,66.66666666666667,109.95727564472134,1.899999976158142,-2.564106169380135,-2.6315764707211
2024-12-17,HAL,0.047675925925925934,0.0476759259259259,0.2090827843693878,-0.0030607590683507,3.0,79.3103448275862,35.449423622799934,27.190000534057617,-2.439900555074708,-3.824938930121243
2024-12-17,META,0.16239319725976142,0.1547305406264991,0.20908278436938782,-0.0030607590683507,3.0,74.26470588235294,5.411922823431487,619.4400024414062,-0.7689330815167037,-3.5919540088314945
2024-12-17,MSFT,0.22079829042861163,0.2225500173544131,0.2090827843693878,-0.0030607590683507,4.0,78.63636363636364,10.367912929200076,454.4599914550781,0.635531154467846,-3.756101115080872
2024-12-17,MU,0.2559755731922399,0.2763900132275132,0.2090827843693878,-0.0030607590683507,3.0,76.92307692307692,33.695775526554804,108.5999984741211,0.31405535856427,-4.327805722172433
2024-12-17,NFLX,0.5200164141414141,0.4639277159348587,0.2090827843693878,-0.0030607590683507,3.0,64.77272727272727,-10.54731043799404,919.1300048828124,-0.2117093163297931,-3.218262588828786
2024-12-17,NOW,0.2705674603174604,0.1238390211640211,0.2090827843693878,-0.0030607590683507,3.0,76.21951219512195,-5.805942299411513,1114.719970703125,-1.346108368200249,-4.820042870036595
2024-12-17,NVDA,0.2003690375273222,0.2089737743200286,0.2090827843693878,-0.0030607590683507,3.0,78.125,35.08850004227335,130.36855017620584,-1.218470702604861,-1.1350530979882485
2024-12-17,PLTR,0.2611552154195011,0.3201151675485008,0.2090827843693878,-0.0030607590683507,3.0,45.0,-45.16666050623087,74.38999938964844,-1.7953803436984324,-3.871484442865485
2024-12-17,PTON,0.25805,0.25805,0.2090827843693878,-0.0030607590683507,2.0,52.38095238095238,-19.5837275307474,10.56999969482422,3.1219482421875,-0.2132244938129617
2024-12-17,SMCI,0.31301278409090905,0.2838260260164671,0.2090827843693878,-0.0030607590683507,4.0,50.0,-3.645960364195651,33.79999923706055,1.0765568933487488,-4.644969616161315
2024-12-17,SMR,0.131125,0.2085666666666666,0.2090827843693878,-0.0030607590683507,1.0,62.5,-5.215675775712282,21.709999084472656,-0.0460415708930861,-11.976041380769354
2024-12-17,TDS,0.06448155019583592,0.0644815501958359,0.2090827843693878,-0.0030607590683507,2.0,100.0,34.44567015995587,33.7400016784668,-2.344421350159958,-2.015412778149813
2024-12-17,TSLA,0.2205595982018198,0.2247783242709699,0.2090827843693878,-0.0030607590683507,3.0,53.723404255319146,-42.77386924440406,479.8599853515625,3.636991217973827,-8.279494369517476
2024-12-17,ZG,0.35125833333333334,0.4020565656565656,0.2090827843693878,-0.0030607590683507,2.0,65.38461538461539,-3.9646790697137586,77.55999755859375,-1.1470832734906542,1.878183831205476
2024-12-18,AAPL,0.26898303602261936,0.2689830360226193,0.2135698147472364,-0.0089532290515354,3.0,68.61702127659575,-1.3728893798327244,248.0500030517578,-2.142177989310781,0.7014675319362668
2024-12-18,ACHR,0.21065,0.21065,0.2135698147472364,-0.0089532290515354,2.0,83.33333333333333,23.73453318335207,8.949999809265137,-1.540157766475904,-5.921784852135192
2024-12-18,AMD,0.16418072916666665,0.1641807291666666,0.2135698147472364,-0.0089532290515354,3.0,72.39583333333333,45.57670772676372,121.41000366210938,-2.887532457118524,-2.08385333364502
2024-12-18,AMZN,0.30536789040434875,0.3053678904043487,0.2135698147472364,-0.0089532290515354,3.0,80.22388059701493,1.639246416351547,220.5200042724609,-4.5987410359975405,1.2561168873593198
2024-12-18,CRM,0.23396873543123542,0.2339687354312354,0.2135698147472364,-0.0089532290515354,4.0,74.0,16.81244479899712,337.2300109863281,-3.914861722251521,-0.296533513454276
2024-12-18,GME,0.2849409090909091,0.2849409090909091,0.2135698147472364,-0.0089532290515354,2.0,25.0,-68.01023672424824,28.549999237060547,-8.669228957066535,1.5761848510150236
2024-12-18,GOOGL,0.2061579077072904,0.2061579077072904,0.2135698147472364,-0.0089532290515354,4.0,76.20967741935483,7.972571896428213,188.3999938964844,-3.5922650385002934,0.0583867377469247
2024-12-18,GSAT,0.24006666666666665,0.24006666666666657,0.21356981474723638,-0.0089532290515354,2.0,66.66666666666667,110.5263157894737,1.850000023841858,-2.6315764707211,1.6216200542241166
2024-12-18,HAL,0.12450833333333333,0.12450833333333329,0.21356981474723638,-0.0089532290515354,3.0,79.3103448275862,35.75490735644836,26.149999618530284,-3.824938930121243,-1.4531516876096953
2024-12-18,META,0.24969061917481372,0.2496906191748137,0.21356981474723644,-0.0089532290515354,3.0,74.26470588235294,5.740668991347014,597.1900024414062,-3.5919540088314945,-0.2712696312002388
2024-12-18,MSFT,0.2760974569871773,0.2760974569871773,0.2135698147472364,-0.0089532290515354,4.0,78.63636363636364,10.020683888571057,437.3900146484375,-3.756101115080872,-0.0823100338561675
2024-12-18,MU,0.17199914216879025,0.1719991421687902,0.2135698147472364,-0.0089532290515354,3.0,76.92307692307692,33.517495395948444,103.9000015258789,-4.327805722172433,-16.179023042460038
2024-12-18,NFLX,0.24226633961962676,0.24226633961962674,0.2135698147472364,-0.0089532290515354,3.0,64.77272727272727,-10.599148253703357,889.5499877929688,-3.218262588828786,1.4040796364197
2024-12-18,NOW,0.11662285353535351,0.1166228535353535,0.2135698147472364,-0.0089532290515354,3.0,76.21951219512195,-5.805942299411513,1060.989990234375,-4.820042870036595,1.3082126137444874
2024-12-18,NVDA,0.2811465140617254,0.2811465140617254,0.2135698147472364,-0.0089532290515354,3.0,78.125,34.21274637625586,128.91000366210938,-1.1350530979882485,1.3730424043049885
2024-12-18,PLTR,0.338006712962963,0.338006712962963,0.2135698147472364,-0.0089532290515354,3.0,45.0,-44.885065196935074,71.51000213623047,-3.871484442865485,3.775691326506389
2024-12-18,SMCI,0.4595283137107,0.4595283137107,0.2135698147472364,-0.0089532290515354,4.0,50.0,-3.4211046266451586,32.22999954223633,-4.644969616161315,-3.071671688424329
2024-12-18,SMR,0.2647121212121212,0.2647121212121212,0.21356981474723638,-0.0089532290515354,1.0,62.5,-5.660377358490563,19.11000061035156,-11.976041380769354,-0.5232882170373038
2024-12-18,TDS,-0.09656565656565656,-0.09656565656565648,0.21356981474723638,-0.0089532290515354,2.0,100.0,34.57556935817804,33.060001373291016,-2.015412778149813,2.0568671413460664
2024-12-18,TSLA,0.31320430349257505,0.313204303492575,0.2135698147472364,-0.0089532290515354,3.0,53.723404255319146,-43.21572958779644,440.1300048828125,-8.279494369517476,-0.8997322180141977
2024-12-19,AAPL,0.37350164021870497,0.3735016402187049,0.20915116429072786,-0.020730116731250605,3.0,68.61702127659575,-1.3728893798327246,249.7899932861328,0.7014675319362668,1.8815854651340724
2024-12-19,ACHR,0.11752272727272725,0.1175227272727272,0.2091511642907279,-0.0207301167312506,2.0,83.33333333333333,23.73453318335207,8.420000076293945,-5.921784852135192,28.266034357192936
2024-12-19,AMD,0.36110094489264943,0.3611009448926494,0.20915116429072791,-0.0207301167312506,3.0,72.39583333333333,45.57670772676372,118.87999725341794,-2.08385333364502,0.2775923945819232
2024-12-19,AMZN,0.30157922311348784,0.3015792231134878,0.2091511642907279,-0.0207301167312506,3.0,80.22388059701493,1.639246416351547,223.2899932861328,1.2561168873593198,0.7299945952901463
2024-12-19,AVGO,0.24797455977182536,0.2479745597718253,0.2091511642907279,-0.0207301167312506,3.0,76.74418604651163,-3.634017399991671,218.32000732421875,-9.120421593051145,1.1313603330206838
2024-12-19,CRM,0.2870001984126984,0.2870001984126984,0.2091511642907279,-0.0207301167312506,4.0,74.0,16.81244479899712,336.2300109863281,-0.296533513454276,2.2068175557529166
2024-12-19,GME,0.03783683411495907,0.037836834114959,0.2091511642907279,-0.0207301167312506,2.0,25.0,-68.01023672424824,29.0,1.5761848510150236,6.551722822518184
2024-12-19,GOOGL,0.3249739044860368,0.3249739044860368,0.2091511642907279,-0.0207301167312506,4.0,76.20967741935483,7.972571896428214,188.509994506836,0.0583867377469247,1.538384828274065
2024-12-19,GSAT,0.1790432098765432,0.1790432098765432,0.2091511642907279,-0.0207301167312506,2.0,66.66666666666667,110.5263157894737,1.8799999952316284,1.6216200542241166,3.723407054767728
2024-12-19,HAL,-0.014433333333333334,-0.0144333333333333,0.2091511642907279,-0.0207301167312506,3.0,79.3103448275862,35.75490735644836,25.770000457763672,-1.4531516876096953,0.7760917812889176
2024-12-19,META,0.20988570882526567,0.20988570882526558,0.2091511642907279,-0.0207301167312506,3.0,74.26470588235294,5.740668991347013,595.5700073242188,-0.2712696312002388,-1.7327950026537695
2024-12-19,MSFT,0.3967482353899981,0.3967482353899981,0.2091511642907279,-0.0207301167312506,4.0,78.63636363636364,10.020683888571057,437.0299987792969,-0.0823100338561675,-0.0983897391442913
2024-12-19,MU,0.05031630183721986,0.0503163018372198,0.2091511642907279,-0.0207301167312506,3.0,76.92307692307692,33.517495395948444,87.08999633789062,-16.179023042460038,3.479166995180052
2024-12-19,NFLX,0.3526864674441205,0.3526864674441205,0.20915116429072786,-0.0207301167312506,3.0,64.77272727272727,-10.599148253703357,902.0399780273438,1.4040796364197,0.7771285016607662
2024-12-19,NOW,0.2668765151515151,0.2668765151515151,0.2091511642907279,-0.0207301167312506,3.0,76.21951219512195,-5.805942299411513,1074.8699951171875,1.3082126137444874,1.5239056776374778
2024-12-19,NVDA,0.2182900242176451,0.2182900242176451,0.2091511642907279,-0.0207301167312506,3.0,78.125,34.21274637625586,130.67999267578125,1.3730424043049885,3.076220154400085
2024-12-19,PLTR,0.23275119047619047,0.2327511904761904,0.20915116429072786,-0.0207301167312506,3.0,45.0,-44.88506519693507,74.20999908447266,3.775691326506389,8.543328453714679
2024-12-19,SMCI,0.07071256613756614,0.0707125661375661,0.2091511642907279,-0.0207301167312506,4.0,50.0,-3.4211046266451586,31.239999771118164,-3.071671688424329,1.1203597440269737
2024-12-19,SMR,0.4569707792207793,0.4569707792207793,0.2091511642907279,-0.0207301167312506,1.0,62.5,-5.660377358490563,19.01000022888184,-0.5232882170373038,3.997897000165049
2024-12-19,TDS,0.048390656565656553,0.0483906565656565,0.2091511642907279,-0.0207301167312506,2.0,100.0,34.57556935817804,33.7400016784668,2.0568671413460664,-0.9702970674611467
2024-12-19,TSLA,0.23977873511747638,0.2397787351174763,0.2091511642907279,-0.0207301167312506,3.0,53.723404255319146,-43.21572958779644,436.1700134277344,-0.8997322180141977,-3.4642491239586524
2024-12-20,AAPL,0.5030766161616163,0.5030766161616163,0.20021798885084427,0.0159842959741521,3.0,68.61702127659575,-1.3728893798327244,254.49000549316412,1.8815854651340724,0.3064948573463042
2024-12-20,AMD,0.38287922278338943,0.3828792227833894,0.2002179888508443,0.0159842959741521,3.0,72.39583333333333,45.57670772676372,119.20999908447266,0.2775923945819232,4.246207068999773
2024-12-20,AMZN,0.2210701998702756,0.2210701998702756,0.20021798885084427,0.0159842959741521,3.0,80.22388059701493,1.639246416351547,224.9199981689453,0.7299945952901463,0.062244082690805905
2024-12-20,AVGO,0.2858663537242484,0.2858663537242484,0.2002179888508443,0.0159842959741521,3.0,76.74418604651163,-3.6340173999916714,220.7899932861328,1.1313603330206838,5.062330943479684
2024-12-20,CRM,0.5398608796296296,0.5398608796296296,0.2002179888508443,0.0159842959741521,4.0,74.0,16.81244479899712,343.6499938964844,2.2068175557529166,-0.2182453116021057
2024-12-20,GOOGL,0.2817554865885748,0.2817554865885748,0.2002179888508443,0.0159842959741521,4.0,76.20967741935483,7.972571896428214,191.4100036621093,1.538384828274065,1.6822533614216433
2024-12-20,GSAT,0.25,0.25,0.2002179888508443,0.0159842959741521,2.0,66.66666666666667,110.5263157894737,1.950000047683716,3.723407054767728,-1.0256461357301043
2024-12-20,HAL,-0.17435,-0.17435,0.2002179888508443,0.0159842959741521,3.0,79.3103448275862,35.75490735644836,25.96999931335449,0.7760917812889176,1.1166766391796448
2024-12-20,META,0.1518873590915258,0.1518873590915258,0.2002179888508443,0.0159842959741521,3.0,74.26470588235294,5.740668991347014,585.25,-1.7327950026537695,2.494656229976506
2024-12-20,MSFT,0.3064839133491307,0.3064839133491307,0.2002179888508443,0.0159842959741521,4.0,78.63636363636364,10.020683888571057,436.6000061035156,-0.0983897391442913,-0.3092089062398102
2024-12-20,MU,0.0375733192733193,0.0375733192733193,0.2002179888508443,0.0159842959741521,3.0,76.92307692307692,33.517495395948444,90.12000274658205,3.479166995180052,-0.4438543205593467
2024-12-20,NFLX,0.2658074597332045,0.2658074597332045,0.2002179888508443,0.0159842959741521,3.0,64.77272727272727,-10.599148253703357,909.0499877929688,0.7771285016607661,0.2640145697476311
2024-12-20,NOW,0.16124320346320348,0.1612432034632034,0.20021798885084427,0.0159842959741521,3.0,76.21951219512195,-5.805942299411513,1091.25,1.5239056776374778,-0.2739968141466208
2024-12-20,NVDA,0.25450656005129274,0.2545065600512927,0.2002179888508443,0.0159842959741521,3.0,78.125,34.21274637625586,134.6999969482422,3.076220154400085,3.6896817619178
2024-12-20,PLTR,0.33566547619047615,0.3356654761904761,0.20021798885084433,0.0159842959741521,3.0,45.0,-44.88506519693507,80.55000305175781,8.543328453714679,0.1738043256913102
2024-12-20,SMCI,0.11865946969696974,0.1186594696969697,0.2002179888508443,0.0159842959741521,4.0,50.0,-3.4211046266451586,31.59000015258789,1.1203597440269737,2.5641068989506146
2024-12-20,SMR,0.4569707792207792,0.4569707792207792,0.2002179888508443,0.0159842959741521,1.0,62.5,-5.660377358490563,19.770000457763672,3.997897000165049,-0.2023313839208102
2024-12-20,TSLA,0.1208926662341391,0.1208926662341391,0.2002179888508443,0.0159842959741521,3.0,53.72340425531914,-43.21572958779644,421.05999755859375,-3.4642491239586524,2.2657123925894456
2024-12-20,ZG,-0.17435,-0.17435,0.2002179888508443,0.0159842959741521,2.0,65.38461538461539,-3.300670448684892,73.7699966430664,1.878183831205476,-0.528669387820954
2024-12-23,AAPL,0.3197193340298393,0.3197193340298393,0.3034251388178025,0.0166773234672666,3.0,68.61702127659575,-1.3728893798327244,255.2700042724609,0.3064948573463042,1.1478073747524935
2024-12-23,AMD,0.3048782578197433,0.3048782578197433,0.3034251388178025,0.0166773234672666,3.0,72.40045474711623,45.57670772676372,124.74695520815642,4.246207068999773,1.3563422649296877
2024-12-23,AMZN,0.41074359818422324,0.41074359818422324,0.3034251388178025,0.0166773234672666,3.0,80.22388059701493,1.639246416351547,225.0599975585937,0.062244082690805905,1.7728630305015778
2024-12-23,AVGO,0.4160139774098423,0.4160139774098423,0.3034251388178025,0.0166773234672666,3.0,76.74418604651163,-3.6340173999916714,232.96083831787107,5.062330943479684,3.154717615544198
2024-12-23,CRM,0.2935996598639456,0.2935996598639456,0.3034251388178025,0.0166773234672666,4.0,74.0,16.81244479899712,342.8999938964844,-0.21824531160210578,0.4461938776699877
2024-12-23,GME,0.02474015104358246,0.0247401510435824,0.3034251388178025,0.0166773234672666,2.0,25.0,-68.01023672424824,30.89999961853028,6.551722822518184,0.7766982979968704
2024-12-23,GOOGL,0.2646297616542408,0.2646297616542408,0.3034251388178025,0.0166773234672666,4.0,76.20967741935483,7.972571896428213,194.6300048828125,1.6822533614216433,0.7604149876223728
2024-12-23,GSAT,0.2619015873015873,0.2619015873015873,0.3034251388178025,0.0166773234672666,2.0,66.66666666666667,110.5263157894737,1.9299999475479128,-1.0256461357301043,2.0725431165496904
2024-12-23,HAL,-0.1600375,-0.1600375,0.3034251388178025,0.0166773234672666,3.0,79.3103448275862,35.75490735644836,26.26000022888184,1.1166766391796448,0.6345582797154085
2024-12-23,META,0.3102584067081752,0.3102584067081752,0.3034251388178025,0.0166773234672666,3.0,74.26470588235294,5.740668991347014,599.8499755859375,2.494656229976506,1.317000039275771
2024-12-23,MSFT,0.38754766491498005,0.38754766491498,0.3034251388178025,0.0166773234672666,4.0,78.63636363636364,10.020683888571057,435.25,-0.3092089062398102,0.9373892182115164
2024-12-23,MU,0.31901116622574954,0.3190111662257495,0.3034251388178025,0.0166773234672666,3.0,76.92307692307692,33.517495395948444,89.72000122070312,-0.4438543205593467,-0.4904173377393113
2024-12-23,NFLX,0.2556021800195269,0.2556021800195269,0.3034251388178025,0.0166773234672666,3.0,64.77272727272727,-10.599148253703357,911.4500122070312,0.2640145697476311,2.2678131146331224
2024-12-23,NOW,0.2696297619047619,0.2696297619047619,0.3034251388178025,0.0166773234672666,3.0,76.21951219512195,-5.805942299411513,1088.260009765625,-0.2739968141466208,1.5896981119292306
2024-12-23,NVDA,0.32983957364835337,0.3298395736483533,0.3034251388178025,0.0166773234672666,3.0,78.125,34.21274637625586,139.6699981689453,3.6896817619177997,0.3937875413247496
2024-12-23,PLTR,0.2945333017676767,0.2945333017676767,0.3034251388178025,0.0166773234672666,3.0,45.0,-44.885065196935074,80.69000244140625,0.1738043256913102,2.0944290009644297
2024-12-23,SMCI,0.40239638946911677,0.40239638946911666,0.3034251388178025,0.0166773234672666,4.0,50.0,-3.421104626645158,32.400001525878906,2.5641068989506146,5.956790784822121
2024-12-23,SMR,0.3127103896103896,0.3127103896103896,0.3034251388178025,0.0166773234672666,1.0,62.5,-5.660377358490563,19.729999542236328,-0.2023313839208102,6.487585992616928
2024-12-23,TDS,0.2726174873737373,0.2726174873737373,0.3034251388178025,0.0166773234672666,2.0,100.0,34.57556935817804,33.68000030517578,-0.9702970674611467,1.1929003786839103
2024-12-23,TSLA,0.2636257783810024,0.2636257783810024,0.3034251388178025,0.0166773234672666,3.0,53.72340425531914,-43.21572958779644,430.6000061035156,2.2657123925894456,7.357174228224564
2024-12-23,ZG,0.4513333333333332,0.4513333333333332,0.3034251388178025,0.0166773234672666,2.0,65.38461538461539,-3.300670448684892,73.37999725341797,-0.528669387820954,-1.248989617975126
2024-12-24,AAPL,0.3049928046700774,0.3049928046700774,0.2877091096678396,0.0158548449331073,3.0,68.61702127659575,-2.4921612170306777,258.20001220703125,1.1478073747524935,0.3175742710589599
2024-12-24,ACHR,0.25424814814814817,0.2542481481481481,0.2877091096678396,0.0158548449331073,2.0,83.33333333333333,9.14607896235192,10.800000190734863,28.266034357192936,4.907404848250551
2024-12-24,AMD,0.21077929192720857,0.2107792919272085,0.2877091096678396,0.0158548449331073,3.0,72.44897959183673,44.776745068565475,126.29000091552734,1.3563422649296877,-0.9739514989443356
2024-12-24,AMZN,0.36343828665979133,0.3634382866597913,0.2877091096678396,0.0158548449331073,3.0,79.4776119402985,2.757175009921426,229.0500030517578,1.7728630305015778,-0.8731717849172285
2024-12-24,AVGO,0.2811207637600494,0.2811207637600494,0.2877091096678396,0.0158548449331073,3.0,76.74418604651162,-1.1319484600297256,239.67999267578125,3.1547176155441976,2.3698298181499635
2024-12-24,CHTR,0.4824666666666666,0.422411111111111,0.2877091096678396,0.0158548449331073,3.0,53.7037037037037,11.853682225904132,352.19000244140625,0.7797651072557985,-1.1896994271162875
2024-12-24,CRM,0.2790805295013628,0.2790805295013628,0.2877091096678396,0.0158548449331073,4.0,73.5,18.31183496467837,344.42999267578125,0.4461938776699877,-0.7868047245319584
2024-12-24,GLW,0.6158,0.6158,0.2877091096678396,0.0158548449331073,1.0,61.66666666666666,13.6,47.900001525878906,0.8421084755345395,-2.484347397699618
2024-12-24,GME,0.19529709595959593,0.1952970959595959,0.2877091096678396,0.0158548449331073,2.0,25.0,-67.87663637095825,31.13999938964844,0.7766982979968704,5.9409194768107065
2024-12-24,GOOGL,0.23096692769462845,0.2309669276946284,0.2877091096678396,0.0158548449331073,4.0,76.20967741935483,8.307625998424088,196.1100006103516,0.7604149876223729,-0.2600553287688979
2024-12-24,GSAT,-0.03433888888888893,-0.0343388888888889,0.2877091096678396,0.0158548449331073,2.0,66.66666666666667,106.05676313648536,1.9700000286102293,2.0725431165496904,8.121831650102223
2024-12-24,LMT,0.2748727513227513,0.3062210128495842,0.2877091096678396,0.0158548449331073,3.0,60.8695652173913,21.024081636739744,488.1300048828125,0.3371116942503574,0.3789986448302361
2024-12-24,META,0.26423614961135966,0.2642361496113596,0.2877091096678396,0.0158548449331073,3.0,74.26470588235294,7.733863878994695,607.75,1.317000039275771,-0.723985917575072
2024-12-24,MSFT,0.3555322117862296,0.3555322117862296,0.2877091096678396,0.0158548449331073,4.0,78.63636363636364,13.294491595890953,439.3299865722656,0.9373892182115164,-0.277695868251972
2024-12-24,MU,0.17040060125060122,0.1704006012506012,0.2877091096678396,0.0158548449331073,3.0,75.0,40.216798728186745,89.27999877929688,-0.49041733773931134,0.6048397434034962
2024-12-24,NFLX,0.11056222264387845,0.1105622226438784,0.2877091096678396,0.0158548449331073,3.0,64.77272727272727,-10.249974551000403,932.1199951171876,2.2678131146331224,-0.8561108559576329
2024-12-24,NOW,0.3617874323593073,0.3617874323593073,0.2877091096678396,0.0158548449331073,3.0,76.21951219512195,-5.429030222618167,1105.56005859375,1.5896981119292306,-0.5834213340152559
2024-12-24,NVDA,0.2826516544030621,0.2826516544030621,0.2877091096678396,0.0158548449331073,3.0,78.125,27.854727597282682,140.22000122070312,0.3937875413247496,-0.2068239497911628
2024-12-24,PLTR,0.2694050964187327,0.2694050964187327,0.2877091096678396,0.0158548449331073,3.0,45.23809523809524,-49.26809055208978,82.37999725341797,2.0944290009644297,-0.2913302643495459
2024-12-24,QUBT,0.0,0.0,0.2877091096678396,0.0158548449331073,2.0,75.0,-50.24144855080323,17.094999313354492,-6.019797628114003,12.547531698863612
2024-12-24,RGTI,0.174,0.174,0.2877091096678396,0.0158548449331073,2.0,79.16666666666667,-71.52159933968693,11.350000381469728,3.558397280705593,36.03523402158648
2024-12-24,SMCI,0.24911444444444447,0.24911444444444436,0.2877091096678396,0.0158548449331073,4.0,52.27272727272727,-1.990282710159272,34.33000183105469,5.956790784822121,-1.7186138104256685
2024-12-24,SMR,0.4251222222222222,0.4251222222222222,0.2877091096678396,0.0158548449331073,1.0,62.5,-5.660377358490563,21.01000022888184,6.487585992616928,3.8553044127476976
2024-12-24,TSLA,0.3309095435033796,0.3309095435033796,0.2877091096678396,0.0158548449331073,3.0,53.723404255319146,-41.06928298754295,462.2799987792969,7.357174228224564,-1.7629994630971195
2024-12-25,PTON,-0.155170987654321,-0.155170987654321,0.3395953390659447,0.0154808143039316,2.0,52.38095238095238,-19.5837275307474,9.359999656677246,-0.2132244938129617,9.722231137447194
2024-12-26,AAPL,0.31862304511662753,0.3186230451166275,0.2801946374308826,0.005922873907241,3.0,68.61702127659575,-3.3744526183065124,259.0199890136719,0.3175742710589599,-1.3242192962953927
2024-12-26,ACHR,0.41525,0.41525,0.2801946374308826,0.005922873907241,2.0,83.33333333333333,0.1365498406918577,11.329999923706056,4.907404848250551,-11.20917486885505
2024-12-26,AMD,0.32317032063054785,0.3231703206305478,0.2801946374308826,0.005922873907241,3.0,72.44897959183673,44.78032813941685,125.05999755859378,-0.9739514989443356,0.1039540103553811
2024-12-26,AMZN,0.2982373617123617,0.2982373617123617,0.2801946374308825,0.005922873907241,3.0,79.4776119402985,4.1194341894567055,227.0500030517578,-0.8731717849172285,-1.453425680424039
2024-12-26,ASTS,0.3708416666666666,0.3708416666666666,0.2801946374308826,0.005922873907241,1.0,85.0,49.470940515716634,24.68000030517578,5.065987848670682,-14.505672120900554
2024-12-26,AVGO,0.27713400447931696,0.2771340044793169,0.2801946374308826,0.005922873907241,3.0,76.74418604651163,-1.8016474996885792,245.3600006103516,2.3698298181499635,-1.4713077116772955
2024-12-26,CRM,0.21379324494949495,0.2137932449494949,0.2801946374308826,0.005922873907241,4.0,73.5,19.665481016232846,341.7200012207031,-0.7868047245319584,-0.9569205788337574
2024-12-26,GME,0.37287680703135245,0.3728768070313524,0.2801946374308826,0.005922873907241,2.0,25.0,-69.2503647896366,32.9900016784668,5.9409194768107065,-2.394667703345382
2024-12-26,GOOGL,0.21573435966810967,0.2157343596681096,0.2801946374308826,0.005922873907241,4.0,76.22950819672131,8.224035051717419,195.6000061035156,-0.2600553287688979,-1.451948623752442
2024-12-26,GSAT,0.16033666666666663,0.1603366666666666,0.2801946374308826,0.005922873907241,2.0,66.66666666666667,97.2093232700217,2.130000114440918,8.121831650102223,1.87793238046499
2024-12-26,LMT,0.13256924603174602,0.132569246031746,0.2801946374308826,0.005922873907241,3.0,60.869565217391305,20.207269019665034,489.9800109863281,0.3789986448302361,-0.2061328509283171
2024-12-26,META,0.1653202932688227,0.1653202932688227,0.2801946374308826,0.005922873907241,3.0,74.26470588235294,9.308458517035563,603.3499755859375,-0.723985917575072,-0.5867205056080319
2024-12-26,MSFT,0.3198148173242361,0.3198148173242361,0.2801946374308826,0.005922873907241,4.0,78.63636363636364,13.978558514394502,438.1099853515625,-0.277695868251972,-1.7301560853909883
2024-12-26,MU,0.40815201127435974,0.4081520112743597,0.2801946374308826,0.005922873907241,3.0,75.0,43.29416829102748,89.81999969482422,0.6048397434034962,-1.3248746887658056
2024-12-26,NFLX,0.28227481011975497,0.2822748101197549,0.2801946374308826,0.005922873907241,3.0,64.77272727272727,-9.980843666213406,924.1400146484376,-0.8561108559576329,-1.7951854256392037
2024-12-26,NOW,0.14669300144300143,0.1466930014430014,0.2801946374308826,0.005922873907241,3.0,76.78571428571429,-3.731908446272151,1099.1099853515625,-0.5834213340152559,-1.6058469715764565
2024-12-26,NVDA,0.32326543020496973,0.3232654302049697,0.2801946374308826,0.005922873907241,3.0,78.125,25.20286683540493,139.92999267578125,-0.2068239497911628,-2.086756465221125
2024-12-26,PLTR,0.22028263888888888,0.2202826388888888,0.2801946374308826,0.005922873907241,3.0,45.23809523809524,-49.56884759909456,82.13999938964844,-0.2913302643495459,-3.725344024021725
2024-12-26,PTON,0.22,0.22,0.2801946374308826,0.005922873907241,2.0,52.38095238095238,-10.625620655412115,10.270000457763672,9.722231137447194,-8.56864727572311
2024-12-26,QUBT,0.1961611111111111,0.1961611111111111,0.2801946374308826,0.005922873907241,2.0,75.0,-54.1301731720874,19.239999771118164,12.547531698863612,-4.625776508503117
2024-12-26,RGTI,0.1583074489795918,0.1583074489795918,0.2801946374308826,0.005922873907241,2.0,79.16666666666667,-78.58991402629555,15.4399995803833,36.03523402158648,10.621764170294366
2024-12-26,SMCI,0.3391883744855967,0.3391883744855967,0.2801946374308826,0.005922873907241,4.0,52.27272727272727,-3.221686038576804,33.7400016784668,-1.7186138104256683,-5.216366475031089
2024-12-26,SMR,0.4705974025974025,0.4705974025974025,0.2801946374308826,0.005922873907241,1.0,62.5,-5.43779934846643,21.81999969482422,3.8553044127476976,-10.586615482356413
2024-12-26,TDS,0.43323055555555556,0.4332305555555555,0.2801946374308826,0.005922873907241,2.0,100.0,34.57556935817804,34.779998779296875,1.1929003786839103,0.1725168930331648
2024-12-26,TSLA,0.3365278437528437,0.3365278437528437,0.2801946374308826,0.005922873907241,3.0,53.723404255319146,-40.39154859627875,454.1300048828125,-1.7629994630971195,-4.947922616674816
2024-12-27,AAPL,0.3624489725234823,0.3624489725234823,0.3169062802653655,-0.0191345899796616,3.0,68.61702127659575,-3.4823565747818632,255.58999633789068,-1.324219296295393,-1.3263427513676431
2024-12-27,AMD,0.19045373977873978,0.1904537397787397,0.3169062802653655,-0.0191345899796616,3.0,72.44897959183673,45.530145530145525,125.19000244140624,0.1039540103553811,-2.196661032327327
2024-12-27,AMZN,0.364975458606282,0.364975458606282,0.31690628026536544,-0.0191345899796616,3.0,79.4776119402985,4.822726271746306,223.75,-1.453425680424039,-1.094970703125
2024-12-27,AVGO,0.3878624885712696,0.3878624885712696,0.3169062802653655,-0.0191345899796616,3.0,76.74418604651163,-2.184545158134991,241.75,-1.4713077116772957,-2.552222613834669
2024-12-27,CRM,0.5447051587301587,0.5447051587301587,0.3169062802653655,-0.0191345899796616,4.0,73.5,19.981271216200387,338.45001220703125,-0.9569205788337574,-0.8007155783461807
2024-12-27,GME,0.3075488095238095,0.3075488095238095,0.3169062802653655,-0.0191345899796616,2.0,25.0,-69.68778417702333,32.20000076293945,-2.394667703345382,-0.5900696798272534
2024-12-27,GOOGL,0.30868348069284696,0.3086834806928469,0.3169062802653655,-0.0191345899796616,4.0,76.22950819672131,8.384458077709613,192.759994506836,-1.451948623752442,-0.7885396643430443
2024-12-27,LMT,0.3034547619047619,0.3034547619047619,0.3169062802653655,-0.0191345899796616,3.0,60.869565217391305,20.14768578014401,488.9700012207031,-0.2061328509283171,-1.1452657810367364
2024-12-27,META,0.35288318635473104,0.352883186354731,0.3169062802653655,-0.0191345899796616,3.0,74.26470588235294,9.38924339106654,599.8099975585938,-0.5867205056080319,-1.4287870090697463
2024-12-27,MSFT,0.35407594474920534,0.3540759447492053,0.3169062802653655,-0.0191345899796616,4.0,78.63636363636364,14.126589212754784,430.5299987792969,-1.7301560853909879,-1.3239523896575798
2024-12-27,MU,0.1453913131313131,0.1453913131313131,0.3169062802653655,-0.0191345899796616,3.0,75.0,42.36458680903126,88.62999725341797,-1.3248746887658056,-3.745909734524092
2024-12-27,NFLX,0.1315976751643418,0.1315976751643418,0.31690628026536544,-0.0191345899796616,3.0,64.77272727272727,-9.913480047926198,907.5499877929688,-1.7951854256392037,-0.7845292505046809
2024-12-27,NOW,0.2136807050092764,0.2136807050092764,0.3169062802653655,-0.0191345899796616,3.0,76.78571428571429,-3.512842208696118,1081.4599609375,-1.6058469715764565,-1.2723549888704777
2024-12-27,NVDA,0.32435002263550267,0.32435002263550267,0.3169062802653655,-0.0191345899796616,3.0,78.125,25.06253126563281,137.00999450683594,-2.086756465221125,0.3503474239641513
2024-12-27,PLTR,0.23687373737373732,0.2368737373737373,0.3169062802653655,-0.0191345899796616,3.0,45.23809523809524,-49.35324706706484,79.08000183105469,-3.725344024021725,-2.4026321217569526
2024-12-27,PTON,0.3168208333333333,0.3168208333333333,0.3169062802653655,-0.0191345899796616,2.0,52.38095238095238,-10.625620655412115,9.390000343322754,-8.56864727572311,-4.579342805685361
2024-12-27,QUBT,0.4423833333333333,0.4423833333333333,0.3169062802653655,-0.0191345899796616,2.0,75.0,-54.1301731720874,18.350000381469727,-4.625776508503117,1.0354252321950048
2024-12-27,RGTI,0.28972466196355084,0.2897246619635508,0.3169062802653655,-0.0191345899796616,2.0,79.16666666666667,-78.95077720207254,17.079999923706055,10.621764170294366,-0.46838363034779296
2024-12-27,SMCI,0.2176583333333333,0.2176583333333333,0.3169062802653655,-0.0191345899796616,4.0,52.27272727272727,-3.055229142185661,31.979999542236328,-5.216366475031089,-4.065038322916871
2024-12-27,SMR,-0.046875,-0.046875,0.3169062802653655,-0.0191345899796616,1.0,62.5,-5.43779934846643,19.51000022888184,-10.586615482356413,-6.663255403168622
2024-12-27,TDS,0.13405,0.13405,0.3169062802653655,-0.0191345899796616,2.0,100.0,34.57556935817804,34.84000015258789,0.1725168930331648,-2.382324418540611
2024-12-27,TSLA,0.3255959076606202,0.3255959076606202,0.3169062802653655,-0.0191345899796616,3.0,53.723404255319146,-39.99845859115231,431.6600036621094,-4.947922616674816,-3.3012092570787446
2024-12-27,ZG,0.0516999999999999,0.0516999999999999,0.3169062802653655,-0.0191345899796616,2.0,65.38461538461539,-3.300670448684892,72.73999786376953,-1.248989617975126,-0.6311424381146986
2024-12-30,AAPL,0.3354214452561327,0.3354214452561327,0.2693622851203773,-0.0129666477778578,3.0,68.61702127659575,-3.4823565747818632,252.1999969482422,-1.3263427513676431,-0.70578858082309
2024-12-30,ACHR,0.32361111111111107,0.323611111111111,0.2693622851203773,-0.0129666477778578,2.0,83.33333333333333,0.1365498406918577,10.0600004196167,-11.20917486885505,-3.081514976999481
2024-12-30,AMD,0.2651903645582812,0.2651903645582812,0.2693622851203773,-0.0129666477778578,3.0,72.44897959183673,45.530145530145525,122.44000244140622,-2.196661032327327,-1.34760004326896
2024-12-30,AMZN,0.346467501546073,0.346467501546073,0.2693622851203773,-0.0129666477778578,3.0,79.4776119402985,4.822726271746306,221.3000030517578,-1.094970703125,-0.8630834323407858
2024-12-30,AVGO,0.3321135922719256,0.3321135922719256,0.2693622851203773,-0.0129666477778578,3.0,76.74418604651163,-2.184545158134991,235.5800018310547,-2.552222613834669,-1.5875734205343088
2024-12-30,CRM,0.337265873015873,0.337265873015873,0.2693622851203773,-0.012966647777857799,4.0,73.5,19.981271216200387,335.739990234375,-0.8007155783461807,-0.41996893522427065
2024-12-30,GME,0.3695843893480257,0.3695843893480257,0.2693622851203773,-0.012966647777857799,2.0,25.0,-69.68778417702333,32.0099983215332,-0.5900696798272534,-2.093090297023237
2024-12-30,GOOGL,0.3141648016510706,0.3141648016510706,0.2693622851203773,-0.0129666477778578,4.0,76.22950819672131,8.384458077709613,191.2400054931641,-0.7885396643430443,-1.0144333746505756
2024-12-30,GSAT,0.2543133333333333,0.2543133333333333,0.2693622851203773,-0.0129666477778578,2.0,66.66666666666667,88.23529411764706,2.1700000762939453,1.87793238046499,-4.608301361073389
2024-12-30,HAL,0.5317251262626262,0.5317251262626262,0.2693622851203773,-0.012966647777857799,3.0,79.3103448275862,35.75490735644836,26.959999084472656,0.6345582797154085,0.8531211327726936
2024-12-30,LMT,0.47479618406285073,0.4747961840628507,0.2693622851203773,-0.012966647777857799,3.0,60.869565217391305,20.14768578014401,483.3699951171875,-1.1452657810367364,-0.7593535051379483
2024-12-30,META,0.18298920224655518,0.1829892022465551,0.2693622851203773,-0.0129666477778578,3.0,74.26470588235294,9.38924339106654,591.239990234375,-1.4287870090697463,-0.9691462964943496
2024-12-30,MSFT,0.3054877331212558,0.3054877331212558,0.2693622851203773,-0.012966647777857802,4.0,78.63636363636364,14.126589212754784,424.8299865722656,-1.3239523896575798,-0.7838398129881488
2024-12-30,MU,0.12499816468253969,0.1249981646825396,0.2693622851203773,-0.0129666477778578,3.0,75.0,42.36458680903126,85.30999755859375,-3.745909734524092,-1.348017734609031
2024-12-30,NFLX,0.3097960658919215,0.3097960658919215,0.2693622851203773,-0.012966647777857802,3.0,64.77272727272727,-9.9134800479262,900.4299926757812,-0.7845292505046809,-1.011737217292221
2024-12-30,NOW,0.03840805385091097,0.0384080538509109,0.2693622851203773,-0.0129666477778578,3.0,76.78571428571429,-3.512842208696118,1067.699951171875,-1.2723549888704777,-0.7099331648716449
2024-12-30,NVDA,0.29710714959256623,0.2971071495925662,0.2693622851203773,-0.0129666477778578,3.0,78.125,25.06253126563281,137.49000549316406,0.3503474239641513,-2.327450781279046
2024-12-30,PLTR,0.25356128246753246,0.2535612824675324,0.2693622851203773,-0.0129666477778578,3.0,45.23809523809524,-49.35324706706484,77.18000030517578,-2.4026321217569526,-2.008296249843196
2024-12-30,PTON,0.3269142857142857,0.3269142857142857,0.2693622851203773,-0.0129666477778578,2.0,52.38095238095238,-10.625620655412115,8.960000038146973,-4.579342805685361,-2.9017882564162005
2024-12-30,QUBT,0.3404,0.3404,0.2693622851203773,-0.0129666477778578,2.0,75.0,-54.1301731720874,18.540000915527344,1.0354252321950048,-10.733557606246722
2024-12-30,RGTI,0.3247655483405483,0.3247655483405483,0.2693622851203773,-0.0129666477778578,2.0,79.16666666666667,-78.95077720207254,17.0,-0.4683836303477929,-10.235292771283316
2024-12-30,SMCI,0.23187188552188548,0.2318718855218854,0.2693622851203773,-0.0129666477778578,4.0,52.27272727272727,-3.055229142185661,30.68000030517578,-4.065038322916871,-0.6518929626793797
2024-12-30,SMR,0.32071434343434346,0.3207143434343434,0.2693622851203773,-0.0129666477778578,1.0,62.5,-5.43779934846643,18.209999084472656,-6.663255403168622,-1.5376100679523097
2024-12-30,TDS,0.3065489898989899,0.3065489898989899,0.2693622851203773,-0.012966647777857799,2.0,100.0,34.57556935817804,34.0099983215332,-2.382324418540611,0.2940379116544783
2024-12-30,TSLA,0.24198600070906104,0.241986000709061,0.2693622851203773,-0.0129666477778578,3.0,53.72340425531915,-39.99845859115231,417.4100036621094,-3.301209257078744,-3.251001941775114
2024-12-31,AAPL,0.3778254140039854,0.3778254140039854,0.23758569461080348,-0.0116591809411147,3.0,68.61702127659575,-0.5908057694758915,250.4199981689453,-0.70578858082309,-2.623589215505567
2024-12-31,ACHR,0.4894863636363636,0.4894863636363636,0.2375856946108035,-0.0116591809411147,2.0,83.33333333333333,8.695652173913052,9.75,-3.081514976999481,-1.8461569761618588
2024-12-31,AMD,0.10808887171030028,0.1080888717103002,0.2375856946108035,-0.0116591809411147,3.0,72.44897959183673,49.97341367503095,120.79000091552734,-1.34760004326896,-0.1324643272593988
2024-12-31,AMZN,0.3523,0.3523,0.2375856946108035,-0.0116591809411147,3.0,79.4776119402985,7.682562664012302,219.38999938964844,-0.8630834323407858,0.3783225458606978
2024-12-31,AVGO,0.029022222222222227,0.0290222222222222,0.2375856946108035,-0.0116591809411147,3.0,76.74418604651163,0.8601985414327392,231.83999633789065,-1.5875734205343088,0.0603862111196715
2024-12-31,CRM,0.3274371366728509,0.3274371366728509,0.2375856946108035,-0.0116591809411147,4.0,73.52941176470588,22.242908537872975,334.3299865722656,-0.4199689352242707,-1.0977127561254458
2024-12-31,GME,0.31505833333333333,0.3150583333333333,0.2375856946108035,-0.0116591809411147,2.0,25.0,-68.62596520063292,31.34000015258789,-2.093090297023237,-2.169752079977672
2024-12-31,GOOGL,0.24645416666666664,0.2464541666666666,0.2375856946108035,-0.0116591809411147,4.0,76.22950819672131,11.99154780771262,189.3000030517578,-1.0144333746505756,0.0686685799935756
2024-12-31,GSAT,0.19520555555555552,0.1952055555555555,0.2375856946108035,-0.0116591809411147,2.0,66.66666666666667,89.46570061925449,2.069999933242798,-4.608301361073389,2.4154567115350485
2024-12-31,HAL,0.0834404761904762,0.0834404761904762,0.2375856946108035,-0.0116591809411147,3.0,76.66666666666667,31.74956722272115,27.190000534057617,0.8531211327726936,1.9860205868783256
2024-12-31,META,0.045999639249639276,0.0459996392496392,0.2375856946108035,-0.0116591809411147,3.0,74.26470588235294,11.572483114298375,585.510009765625,-0.9691462964943496,2.3449608443493566
2024-12-31,MSFT,0.3315146825396825,0.3315146825396825,0.2375856946108035,-0.0116591809411147,4.0,78.63636363636364,17.38702588690777,421.5,-0.7838398129881489,-0.6927671240176453
2024-12-31,MU,0.45942020202020206,0.459420202020202,0.2375856946108035,-0.0116591809411147,3.0,75.0,47.91202082325098,84.16000366210938,-1.348017734609031,3.766632641405781
2024-12-31,NFLX,0.3672970238095238,0.3672970238095238,0.2375856946108035,-0.0116591809411147,3.0,65.55555555555556,-6.685806311937409,891.3200073242188,-1.011737217292221,-0.5149695752088197
2024-12-31,NOW,0.1489583333333333,0.1489583333333333,0.2375856946108035,-0.0116591809411147,3.0,76.74418604651163,-3.512842208696118,1060.1199951171875,-0.709933164871645,-0.5452240617569019
2024-12-31,NVDA,0.27374420995670995,0.2737442099567099,0.23758569461080353,-0.0116591809411147,3.0,78.125,28.420732479500757,134.2899932861328,-2.327450781279046,2.993524814537358
2024-12-31,PLTR,0.2887271546635182,0.2887271546635182,0.2375856946108035,-0.0116591809411147,3.0,45.23809523809524,-45.49151735739702,75.62999725341797,-2.008296249843196,-0.5817728784749281
2024-12-31,PTON,0.4441833333333333,0.4441833333333333,0.2375856946108035,-0.0116591809411147,2.0,52.38095238095238,2.857142857142857,8.699999809265137,-2.9017882564162005,-0.8045942110213842
2024-12-31,QUBT,0.07646666666666667,0.0764666666666666,0.2375856946108035,-0.0116591809411147,2.0,75.0,-48.6404833836858,16.549999237060547,-10.733557606246722,13.323262993078457
2024-12-31,RGTI,0.2945,0.2945,0.2375856946108035,-0.0116591809411147,2.0,79.16666666666667,-79.66726977761088,15.260000228881836,-10.235292771283316,31.06159698573926
2024-12-31,SMCI,0.29241464646464643,0.2924146464646464,0.2375856946108035,-0.0116591809411147,4.0,52.27272727272727,8.267716535433069,30.479999542236328,-0.6518929626793797,-1.4107621772760435
2024-12-31,SMR,0.2319401515151515,0.2319401515151515,0.2375856946108035,-0.0116591809411147,1.0,62.5,12.279495616139439,17.93000030517578,-1.5376100679523097,-1.2270006523068386
2024-12-31,TDS,0.23606666666666665,0.23606666666666656,0.2375856946108035,-0.0116591809411147,2.0,100.0,34.57556935817804,34.11000061035156,0.2940379116544783,1.0847227360426368
2024-12-31,TSLA,0.17143175324675325,0.1714317532467532,0.23758569461080353,-0.0116591809411147,3.0,53.723404255319146,-34.42019061879499,403.8399963378906,-3.251001941775114,-6.08161593237648
2024-12-31,ZG,0.0386,0.0386,0.2375856946108035,-0.0116591809411147,2.0,65.38461538461539,9.396914446002809,70.8499984741211,-0.6311424381146986,-3.437288017303868
2025-01-01,ASTS,0.2939055555555555,0.2939055555555555,0.2955038251905736,-0.0128067199417136,1.0,85.0,49.688149688149686,21.100000381469727,-14.505672120900554,2.55923695931752
2025-01-02,AAPL,0.3273092323232323,0.3273092323232323,0.2876480212188901,-0.0045823780366361,3.0,68.61702127659575,-0.16771823336793681,243.8500061035156,-2.623589215505567,-0.2009454504405682
2025-01-02,ACHR,0.2483499999999999,0.2483499999999999,0.2876480212188901,-0.0045823780366361,2.0,83.33333333333333,8.695652173913052,9.56999969482422,-1.8461569761618588,20.27168856762697
2025-01-02,AMD,0.11439235209235206,0.114392352092352,0.2876480212188901,-0.0045823780366361,3.0,72.44897959183673,50.67472472886829,120.62999725341795,-0.1324643272593988,3.9293754464789705
2025-01-02,AMZN,0.30095,0.30095,0.2876480212188901,-0.0045823780366361,3.0,79.4776119402985,7.682562664012302,220.22000122070312,0.3783225458606978,1.8027432561515675
2025-01-02,ASTS,0.2415246031746031,0.2415246031746031,0.2876480212188901,-0.0045823780366361,1.0,85.0,49.688149688149686,21.63999938964844,2.55923695931752,10.76709791785215
2025-01-02,AVGO,0.0781666666666667,0.0781666666666667,0.2876480212188901,-0.0045823780366361,3.0,76.74418604651163,2.3825703912166043,231.97999572753903,0.0603862111196715,1.909650838934132
2025-01-02,CRM,0.4862855555555555,0.4862855555555555,0.2876480212188901,-0.0045823780366361,3.0,73.52941176470588,22.633326354200943,330.6600036621094,-1.0977127561254458,-0.7119240494562618
2025-01-02,GLW,0.4943071428571428,0.4943071428571428,0.2876480212188901,-0.0045823780366361,1.0,61.66666666666666,13.6,46.709999084472656,-2.484347397699618,3.4896191395068548
2025-01-02,GME,0.3186033333333333,0.3186033333333333,0.2876480212188901,-0.0045823780366361,2.0,25.0,-68.66883269469972,30.65999984741211,-2.169752079977672,7.045009322119833
2025-01-02,GOOGL,0.47917499999999996,0.4791749999999999,0.2876480212188901,-0.0045823780366361,4.0,76.22950819672131,11.99154780771262,189.42999267578125,0.0686685799935756,2.648731429629802
2025-01-02,GSAT,0.18904,0.18904,0.2876480212188901,-0.0045823780366361,2.0,66.66666666666667,91.38755980861244,2.119999885559082,2.4154567115350485,3.301895067929056
2025-01-02,HAL,0.3951236111111111,0.3951236111111111,0.2876480212188901,-0.0045823780366361,3.0,76.66666666666667,31.606846480613587,27.729999542236328,1.9860205868783256,-0.0722559882339743
2025-01-02,LMT,0.32521666666666665,0.3252166666666666,0.2876480212188901,-0.0045823780366361,3.0,60.869565217391305,20.14768578014401,482.25,-0.7593535051379483,-3.2833853064913097
2025-01-02,META,0.17249404761904757,0.1724940476190475,0.2876480212188901,-0.0045823780366361,3.0,74.26470588235294,12.722242147871087,599.239990234375,2.3449608443493566,0.8994751245372251
2025-01-02,MSFT,0.41249783236087584,0.4124978323608758,0.2876480212188901,-0.0045823780366361,3.0,78.63636363636364,18.62396204033215,418.5799865722656,-0.6927671240176453,1.1395718104708
2025-01-02,MU,0.38099999999999995,0.38099999999999995,0.2876480212188901,-0.0045823780366361,3.0,75.0,50.68573783036084,87.33000183105469,3.766632641405781,10.448424505033811
2025-01-02,NFLX,0.21668454861111108,0.216684548611111,0.2876480212188901,-0.0045823780366361,3.0,65.55555555555556,-6.508324731858378,886.72998046875,-0.5149695752088197,-0.6405549379055221
2025-01-02,NOW,-0.12564810606060606,-0.125648106060606,0.2876480212188901,-0.0045823780366361,3.0,76.74418604651163,-3.512842208696118,1054.3399658203125,-0.5452240617569019,0.3054685116191718
2025-01-02,NVDA,0.34484003831417626,0.3448400383141762,0.2876480212188901,-0.0045823780366361,3.0,78.125,30.314989947129355,138.30999755859375,2.993524814537358,4.453766011744556
2025-01-02,PLTR,0.2752404797979798,0.2752404797979798,0.2876480212188901,-0.0045823780366361,3.0,45.23809523809524,-45.12759486976067,75.19000244140625,-0.5817728784749281,0.9708680726642223
2025-01-02,QUBT,0.3248444444444444,0.3248444444444444,0.2876480212188901,-0.0045823780366361,2.0,75.0,-48.6404833836858,18.7549991607666,13.323262993078457,-6.691544744997493
2025-01-02,RGTI,0.20924999999999996,0.2092499999999999,0.2876480212188901,-0.0045823780366361,2.0,79.16666666666667,-78.70249017038007,20.0,31.06159698573926,-4.899997711181641
2025-01-02,SMCI,0.2991611607142857,0.2991611607142857,0.2876480212188901,-0.0045823780366361,3.0,52.27272727272727,8.267716535433069,30.049999237060547,-1.4107621772760432,10.915150340333208
2025-01-02,SMR,0.2477944444444444,0.2477944444444444,0.2876480212188901,-0.0045823780366361,1.0,62.5,13.41083073433512,17.709999084472656,-1.2270006523068386,17.730104231061674
2025-01-02,TDS,0.1702,0.1702,0.2876480212188901,-0.0045823780366361,2.0,100.0,34.57556935817804,34.47999954223633,1.0847227360426368,-1.8879149720896955
2025-01-02,TSLA,0.23867279040404038,0.2386727904040403,0.2876480212188901,-0.0045823780366361,3.0,53.723404255319146,-32.526495641838345,379.2799987792969,-6.08161593237648,8.215567328200027
2025-01-03,AAPL,0.16583194444444446,0.1658319444444444,0.1945442315373118,0.031737483555396,3.0,68.61702127659575,-0.1677182333679368,243.3600006103516,-0.2009454504405682,0.6738984983297532
2025-01-03,ACHR,-0.0716404761904762,-0.0716404761904762,0.1945442315373118,0.031737483555396,2.0,83.33333333333333,8.695652173913052,11.510000228881836,20.27168856762697,-0.5212894737060149
2025-01-03,AMD,0.559280808080808,0.559280808080808,0.1945442315373118,0.031737483555396,3.0,72.44897959183673,50.67472472886829,125.37000274658205,3.9293754464789705,3.3341311426985194
2025-01-03,AMZN,0.3453666666666666,0.3453666666666666,0.1945442315373118,0.031737483555396,3.0,79.4776119402985,7.682562664012302,224.19000244140625,1.8027432561515675,1.5254909370185474
2025-01-03,ASTS,0.3062,0.3062,0.1945442315373118,0.031737483555396,1.0,85.0,49.688149688149686,23.96999931335449,10.76709791785215,0.7092201967616768
2025-01-03,META,0.10238354978354978,0.1023835497835497,0.1945442315373118,0.031737483555396,3.0,74.26470588235294,12.722242147871087,604.6300048828125,0.8994751245372252,4.229033808729795
2025-01-03,MSFT,0.16668828532578528,0.1666882853257852,0.1945442315373118,0.031737483555396,3.0,78.63636363636364,18.62396204033215,423.3500061035156,1.1395718104708,1.0629502622233766
2025-01-03,NFLX,0.2220914141414141,0.2220914141414141,0.1945442315373118,0.031737483555396,3.0,65.55555555555556,-6.5083247318583775,881.0499877929688,-0.6405549379055221,0.0839895856793184
2025-01-03,NVDA,0.39454809027777776,0.3945480902777777,0.1945442315373118,0.031737483555396,3.0,78.125,30.314989947129355,144.47000122070312,4.453766011744556,3.433232791007507
2025-01-03,QUBT,-0.0445,-0.0445,0.1945442315373118,0.031737483555396,2.0,75.0,-48.6404833836858,17.5,-6.691544744997493,3.371429443359375
2025-01-03,RGTI,0.3329499999999999,0.3329499999999999,0.1945442315373118,0.031737483555396,2.0,79.16666666666667,-78.70249017038007,19.020000457763672,-4.899997711181641,2.5762342761572
2025-01-03,SMCI,0.5808555555555556,0.5808555555555556,0.1945442315373118,0.031737483555396,3.0,52.27272727272727,8.267716535433069,33.33000183105469,10.915150340333208,9.360932374680392
2025-01-03,SMR,0.2,0.2,0.1945442315373118,0.031737483555396,1.0,62.5,13.41083073433512,20.850000381469727,17.730104231061674,13.47721541741432
2025-01-03,TSLA,0.22089722222222222,0.2208972222222222,0.1945442315373118,0.031737483555396,3.0,53.723404255319146,-32.526495641838345,410.4400024414063,8.215567328200027,0.1486174222624853
2025-01-06,AAPL,0.37998229990560817,0.3799822999056081,0.2692859530639984,0.0210234251165742,3.0,68.61702127659575,-0.1677182333679368,245.0,0.6738984983297532,-1.1387727698501275
2025-01-06,ACHR,0.35283737373737367,0.3528373737373736,0.2692859530639984,0.0210234251165742,2.0,83.33333333333333,8.695652173913052,11.449999809265137,-0.5212894737060149,-2.7074189616277264
2025-01-06,AMD,0.20292878787878788,0.2029287878787878,0.2692859530639984,0.0210234251165742,3.0,72.44897959183673,50.67472472886829,129.5500030517578,3.3341311426985194,-1.7136249852624013
2025-01-06,AMZN,0.31245,0.31245,0.2692859530639984,0.0210234251165742,3.0,79.4776119402985,7.682562664012302,227.6100006103516,1.5254909370185474,-2.416414035082544
2025-01-06,ASTS,0.19812499999999994,0.1981249999999999,0.2692859530639984,0.0210234251165742,1.0,85.0,49.688149688149686,24.13999938964844,0.7092201967616768,-2.1304337874702783
2025-01-06,AVGO,0.3019363636363636,0.3019363636363636,0.2692859530639984,0.0210234251165742,3.0,76.74418604651163,2.3825703912166043,236.4100036621093,1.9096508389341318,-3.286664757032139
2025-01-06,CRM,0.32688844696969693,0.3268884469696969,0.2692859530639984,0.0210234251165742,3.0,73.52941176470588,22.633326354200943,330.5299987792969,-0.7119240494562618,-1.6942504838282135
2025-01-06,GLW,0.2966833333333333,0.2966833333333333,0.2692859530639984,0.0210234251165742,1.0,61.66666666666666,13.6,48.34000015258789,3.4896191395068548,-1.2618961696856883
2025-01-06,GME,0.4202,0.4202,0.2692859530639984,0.0210234251165742,2.0,25.0,-68.66883269469972,32.81999969482422,7.045009322119832,1.675805125456119
2025-01-06,GOOGL,0.3349855371900826,0.3349855371900826,0.2692859530639984,0.0210234251165742,4.0,76.22950819672131,11.99154780771262,196.8699951171875,2.648731429629802,-0.700964930284066
2025-01-06,GSAT,0.27165416666666664,0.2716541666666666,0.2692859530639984,0.0210234251165742,2.0,66.66666666666667,91.38755980861244,2.190000057220459,3.301895067929056,-2.283102785839374
2025-01-06,HAL,0.3930583333333333,0.3930583333333333,0.2692859530639984,0.0210234251165742,3.0,76.66666666666667,31.606846480613587,27.65999984741211,-0.0722559882339743,0.3253801629948711
2025-01-06,LMT,0.21802222222222223,0.2180222222222222,0.2692859530639984,0.021023425116574197,3.0,60.869565217391305,20.14768578014401,466.0,-3.2833853064913097,-0.4377700740175698
2025-01-06,META,0.21525240699150472,0.21525240699150472,0.2692859530639984,0.0210234251165742,3.0,74.26470588235294,12.722242147871087,630.2000122070312,4.229033808729795,-1.9533477182081849
2025-01-06,MSFT,0.294430742913001,0.294430742913001,0.26928595306399833,0.0210234251165742,3.0,78.63636363636364,18.62396204033215,427.8500061035156,1.0629502622233766,-1.2808252677697218
2025-01-06,MU,0.4200015873015873,0.4200015873015873,0.2692859530639984,0.0210234251165742,3.0,75.0,50.68573783036084,99.26000213623048,10.448424505033811,2.6697576756465136
2025-01-06,NFLX,0.36366539756539756,0.36366539756539745,0.2692859530639984,0.021023425116574197,3.0,65.55555555555556,-6.5083247318583775,881.7899780273438,0.0839895856793184,-0.2948520226725548
2025-01-06,NOW,0.06134777777777778,0.0613477777777777,0.2692859530639984,0.0210234251165742,3.0,76.74418604651163,-3.512842208696118,1077.050048828125,0.3054685116191718,-2.12618015652835
2025-01-06,NVDA,0.27234438284693385,0.2723443828469338,0.2692859530639984,0.021023425116574204,3.0,78.125,30.31498994712936,149.42999267578125,3.433232791007507,-6.216953584605562
2025-01-06,PLTR,0.30176391184573004,0.30176391184573,0.2692859530639984,0.0210234251165742,3.0,45.23809523809524,-45.12759486976067,75.91999816894531,0.9708680726642224,-7.810854120385659
2025-01-06,QUBT,0.24825,0.24825,0.2692859530639984,0.0210234251165742,2.0,75.0,-48.6404833836858,18.09000015258789,3.371429443359375,-3.316751666162328
2025-01-06,RGTI,0.1456763888888889,0.1456763888888889,0.2692859530639984,0.0210234251165742,2.0,79.16666666666667,-78.70249017038007,19.51000022888184,2.5762342761572,-48.53921146043757
2025-01-06,SMCI,0.3902222222222222,0.3902222222222222,0.2692859530639984,0.021023425116574197,3.0,52.27272727272727,8.267716535433069,36.45000076293945,9.360932374680392,-5.679011389565981
2025-01-06,SMR,0.25939999999999996,0.2593999999999999,0.2692859530639984,0.0210234251165742,1.0,62.5,13.41083073433512,23.65999984741211,13.47721541741432,-8.199495124974868
2025-01-06,TDS,-0.031484848484848504,-0.0314848484848485,0.2692859530639984,0.021023425116574197,2.0,100.0,34.57556935817804,33.2599983215332,-1.8879149720896955,-1.6536357931938503
2025-01-06,TSLA,0.25419257964257963,0.2541925796425796,0.2692859530639984,0.0210234251165742,3.0,53.723404255319146,-32.526495641838345,411.0499877929688,0.1486174222624853,-4.060334007311153
2025-01-07,AAPL,0.34071290502426865,0.3407129050242686,0.24745365493447594,-0.0209904382108138,3.0,68.61702127659575,2.074594007247431,242.2100067138672,-1.1387727698501275,0.20229974847977517
2025-01-07,ACHR,0.464825,0.464825,0.2474536549344759,-0.0209904382108138,2.0,83.33333333333333,8.695652173913052,11.140000343322754,-2.7074189616277264,-26.122088971304763
2025-01-07,AMD,0.30849145854145854,0.3084914585414585,0.2474536549344759,-0.0209904382108138,3.0,72.44897959183673,45.376272870270725,127.33000183105467,-1.7136249852624013,-4.311635446647027
2025-01-07,AMZN,0.0671875,0.0671875,0.2474536549344759,-0.0209904382108138,3.0,79.4776119402985,7.025698297835164,222.1100006103516,-2.416414035082544,0.0090064708504643
2025-01-07,AVGO,0.3553,0.3553,0.2474536549344759,-0.0209904382108138,3.0,76.74418604651163,2.3825703912166043,228.63999938964844,-3.286664757032139,0.2930362888094227
2025-01-07,CRM,0.3141761904761905,0.3141761904761905,0.2474536549344759,-0.0209904382108138,3.0,73.03921568627452,25.09797667721739,324.92999267578125,-1.6942504838282135,0.6062848198408123
2025-01-07,GME,0.3129,0.3129,0.2474536549344759,-0.0209904382108138,2.0,25.0,-69.4185909633047,33.369998931884766,1.675805125456119,-1.228648068730856
2025-01-07,GOOGL,0.2587766666666667,0.2587766666666667,0.2474536549344759,-0.0209904382108138,4.0,75.40322580645162,9.155468216328734,195.4900054931641,-0.700964930284066,-0.7877684288958323
2025-01-07,GSAT,0.27115,0.27115,0.2474536549344759,-0.0209904382108138,2.0,66.66666666666667,82.64840182648402,2.140000104904175,-2.283102785839374,-7.476639158288872
2025-01-07,HAL,0.0,0.0,0.2474536549344759,-0.0209904382108138,3.0,76.66666666666667,31.606846480613587,27.75,0.3253801629948711,-2.5945921201963684
2025-01-07,LMT,0.117104081632653,0.117104081632653,0.2474536549344759,-0.0209904382108138,3.0,59.782608695652165,19.976870652697865,463.9599914550781,-0.4377700740175698,1.0539733465166607
2025-01-07,META,0.15776007040097947,0.1577600704009794,0.24745365493447594,-0.0209904382108138,3.0,74.26470588235294,9.277355334681083,617.8900146484375,-1.953347718208185,-1.147930299961944
2025-01-07,MSFT,0.3112794066440805,0.3112794066440805,0.2474536549344759,-0.0209904382108138,3.0,78.57142857142857,17.576005709471445,422.3699951171875,-1.2808252677697218,0.5185033185888663
2025-01-07,MU,0.2336673898071625,0.2336673898071625,0.24745365493447594,-0.0209904382108138,3.0,75.0,22.51347440610813,101.91000366210938,2.6697576756465136,-2.4531448436494485
2025-01-07,NFLX,0.28901005050505046,0.2890100505050504,0.2474536549344759,-0.0209904382108138,3.0,65.55555555555556,-5.3407707096861,879.1900024414062,-0.2948520226725548,-0.4765753056530568
2025-01-07,NOW,0.28268333333333334,0.2826833333333333,0.2474536549344759,-0.0209904382108138,3.0,76.74418604651163,-3.5128422086961186,1054.1500244140625,-2.12618015652835,-0.48096269429895805
2025-01-07,NVDA,0.23734648420954388,0.2373464842095438,0.2474536549344759,-0.0209904382108138,3.0,78.125,24.96727903029738,140.13999938964844,-6.216953584605562,-0.0209694301692675
2025-01-07,PLTR,0.3086266666666667,0.3086266666666667,0.2474536549344759,-0.0209904382108138,3.0,44.31818181818182,-41.062389214846235,69.98999786376953,-7.810854120385659,-2.514637177531623
2025-01-07,QUBT,0.2028,0.2028,0.2474536549344759,-0.0209904382108138,2.0,75.0,-51.13538373095717,17.489999771118164,-3.316751666162328,-43.339051017159925
2025-01-07,SMCI,0.26335,0.26335,0.2474536549344759,-0.0209904382108138,3.0,52.27272727272727,8.267716535433069,34.380001068115234,-5.679011389565981,-1.7696243192106276
2025-01-07,SMR,0.0,0.0,0.2474536549344759,-0.0209904382108138,1.0,62.5,13.41083073433512,21.71999931335449,-8.199495124974868,-9.392260923896172
2025-01-07,TDS,-0.4149833333333333,-0.4149833333333333,0.2474536549344759,-0.0209904382108138,2.0,100.0,59.75422427035332,32.709999084472656,-1.6536357931938503,2.2011655177480804
2025-01-07,TSLA,0.20656608522196754,0.2065660852219675,0.2474536549344759,-0.0209904382108138,3.0,55.208333333333336,-30.79571114401253,394.3599853515625,-4.060334007311153,0.1470780787575794
2025-01-07,ZG,0.54295,0.54295,0.2474536549344759,-0.0209904382108138,2.0,65.38461538461539,12.117537978746151,69.66999816894531,-3.437288017303868,-2.023820969961408
2025-01-08,AAPL,0.4717747474747474,0.4717747474747474,0.211282712150312,-0.0269833007687935,3.0,68.61702127659575,3.216217332067211,242.6999969482422,0.2022997484797752,-2.4103794471716133
2025-01-08,AMD,0.2542668511118511,0.2542668511118511,0.211282712150312,-0.0269833007687935,3.0,72.44897959183673,40.07782101167315,121.83999633789062,-4.311635446647027,-4.760337817376936
2025-01-08,AMZN,0.08895,0.08895,0.211282712150312,-0.0269833007687935,3.0,79.4776119402985,6.368833931658026,222.1300048828125,0.0090064708504643,-1.6521847964130132
2025-01-08,ASTS,0.12669999999999998,0.1266999999999999,0.211282712150312,-0.0269833007687935,1.0,85.0,49.688149688149686,22.51000022888184,-2.1304337874702783,-9.018217085759426
2025-01-08,AVGO,0.3895506493506493,0.3895506493506493,0.211282712150312,-0.0269833007687935,3.0,76.74418604651163,2.3825703912166043,229.3099975585937,0.2930362888094227,-1.753087224831415
2025-01-08,CRM,0.2582857142857143,0.2582857142857143,0.211282712150312,-0.0269833007687935,3.0,73.03921568627452,25.41162711968732,326.8999938964844,0.6062848198408123,-2.3952238355639297
2025-01-08,GME,0.3301082251082251,0.3301082251082251,0.211282712150312,-0.0269833007687935,2.0,25.0,-69.73017477797083,32.959999084472656,-1.228648068730856,-1.9720804891886428
2025-01-08,GOOGL,0.35334444444444446,0.3533444444444444,0.211282712150312,-0.0269833007687935,4.0,75.40322580645162,8.445444779784127,193.9499969482422,-0.7877684288958323,-1.5158558843343648
2025-01-08,GSAT,0.2049583333333333,0.2049583333333333,0.211282712150312,-0.0269833007687935,2.0,66.66666666666667,82.64840182648402,1.9800000190734863,-7.476639158288872,-8.080806317177142
2025-01-08,HAL,0.22837499999999988,0.2283749999999998,0.211282712150312,-0.0269833007687935,3.0,76.66666666666667,31.606846480613587,27.030000686645508,-2.5945921201963684,3.0774933067761374
2025-01-08,META,0.06159190664408055,0.06092962807801511,0.211282712150312,-0.026983300768793496,3.0,74.26470588235294,6.815128906439661,610.719970703125,-1.1604078032224,0.8416319909302744
2025-01-08,MSFT,0.3636197518037518,0.3636197518037518,0.21128271215031197,-0.0269833007687935,3.0,78.57142857142857,18.187942466109604,424.55999755859375,0.5185033185888663,-1.3213645618575414
2025-01-08,MU,0.17588219696969695,0.1758821969696969,0.211282712150312,-0.0269833007687935,3.0,75.0,23.638504562849576,99.41000366210938,-2.4531448436494485,-0.070422816255698
2025-01-08,NFLX,0.15150277777777776,0.1515027777777777,0.211282712150312,-0.0269833007687935,3.0,65.55555555555556,-5.04888220414303,875.0,-0.4765753056530568,-4.263999720982143
2025-01-08,NOW,-0.03917333333333332,-0.0391733333333333,0.21128271215031197,-0.0269833007687935,3.0,76.74418604651163,-3.512842208696118,1049.0799560546875,-0.4809626942989581,-2.3363338155654665
2025-01-08,NVDA,0.2581428123622134,0.2539870066677464,0.211282712150312,-0.0269833007687935,3.0,78.125,24.875124875124886,140.11000061035156,-0.021406293297794,-2.9976425165555844
2025-01-08,PLTR,0.10035833333333333,0.1003583333333333,0.21128271215031197,-0.0269833007687935,3.0,44.31818181818182,-40.390865609787255,68.2300033569336,-2.514637177531623,-4.763300366553085
2025-01-08,PTON,0.4525166666666667,0.4525166666666667,0.211282712150312,-0.0269833007687935,2.0,52.38095238095238,2.857142857142857,8.630000114440918,-0.8045942110213842,3.823869285399578
2025-01-08,QUBT,0.07392797214123745,0.0739279721412374,0.211282712150312,-0.0269833007687935,2.0,75.0,-51.13538373095717,9.90999984741211,-43.339051017159925,-28.18725465045095
2025-01-08,RGTI,0.22629478458049884,0.2262947845804988,0.211282712150312,-0.0269833007687935,2.0,79.16666666666667,-78.70249017038007,10.039999961853027,-48.53921146043757,-11.05577351488734
2025-01-08,SMR,0.0,0.0,0.211282712150312,-0.0269833007687935,1.0,62.5,13.41083073433512,19.68000030517578,-9.392260923896172,-4.471550073522086
2025-01-08,TDS,0.2626969696969697,0.2626969696969697,0.211282712150312,-0.0269833007687935,2.0,100.0,59.75422427035332,33.43000030517578,2.2011655177480804,-1.316178949124514
2025-01-08,TSLA,0.17120715673215672,0.17120715673215672,0.211282712150312,-0.0269833007687935,3.0,55.208333333333336,-30.139973628157016,394.9400024414063,0.1470780787575794,-0.050643694180086
2025-01-09,GLW,0.2173333333333333,0.2173333333333333,0.2691042778340651,-0.0248423209808182,1.0,61.66666666666666,13.6,47.72999954223633,-1.2618961696856883,2.2627317021006728
2025-01-09,LMT,0.38894529220779217,0.3889452922077921,0.2691042778340651,-0.0248423209808182,3.0,59.78260869565217,19.891463088974792,468.8500061035156,1.0539733465166607,-0.1706341687388699
2025-01-09,ZG,0.0386,0.0386,0.2691042778340651,-0.0248423209808182,2.0,65.38461538461539,12.117537978746151,68.26000213623047,-2.023820969961408,0.9668854556987138
2025-01-10,AAPL,-0.0666666666666666,-0.0666666666666666,0.1730977791416621,-0.008471893925514,3.0,68.61702127659575,3.216217332067211,236.8500061035156,-2.4103794471716133,-1.0344150913639705
2025-01-10,AMD,0.29376303030303025,0.2937630303030302,0.1730977791416621,-0.008471893925514,3.0,72.44897959183673,40.07782101167315,116.04000091552734,-4.760337817376936,1.1030668469476013
2025-01-10,GME,0.0136363636363636,0.0136363636363636,0.1730977791416621,-0.008471893925514,2.0,25.0,-69.73017477797083,32.310001373291016,-1.972080489188643,-3.992574623019731
2025-01-10,LMT,-0.0256944444444444,-0.0256944444444444,0.1730977791416621,-0.008471893925514,3.0,59.78260869565217,19.891463088974792,468.0499877929688,-0.1706341687388699,0.2690594799063452
2025-01-10,META,0.09308725903725905,0.093087259037259,0.1730977791416621,-0.008471893925514,3.0,74.26470588235294,6.815128906439661,615.8599853515625,0.8416319909302745,-1.253871372626963
2025-01-10,MSFT,0.3029149252262889,0.3029149252262889,0.1730977791416621,-0.008471893925514,3.0,78.57142857142857,18.187942466109604,418.9500122070313,-1.3213645618575414,-0.4201001824425921
2025-01-10,MU,0.1528689393939394,0.1528689393939394,0.1730977791416621,-0.008471893925514,3.0,75.0,23.638504562849576,99.33999633789062,-0.070422816255698,-4.3084346054725815
2025-01-10,NFLX,0.400386105006105,0.400386105006105,0.1730977791416621,-0.008471893925514,3.0,65.55555555555556,-5.04888220414303,837.6900024414062,-4.263999720982143,0.3103744318733659
2025-01-10,NOW,0.30105,0.30105,0.1730977791416621,-0.008471893925514,3.0,76.74418604651163,-3.5128422086961186,1024.5699462890625,-2.3363338155654665,-0.8618207167474633
2025-01-10,NVDA,0.2607769886363636,0.2607769886363636,0.1730977791416621,-0.008471893925514,3.0,78.125,24.87512487512489,135.91000366210938,-2.9976425165555844,-1.9718989495675203
2025-01-10,RGTI,-0.074,-0.074,0.1730977791416621,-0.008471893925514,2.0,79.16666666666667,-78.70249017038007,8.930000305175781,-11.05577351488734,-32.25084004500744
2025-01-10,TDS,-0.0416666666666666,-0.0416666666666666,0.1730977791416621,-0.008471893925514,2.0,100.0,59.75422427035332,32.9900016784668,-1.316178949124514,1.697476599279081
2025-01-10,TSLA,0.12543999999999997,0.1254399999999999,0.1730977791416621,-0.008471893925514,3.0,55.208333333333336,-30.13997362815702,394.739990234375,-0.050643694180086,2.1710512074366592
2025-01-13,AAPL,0.2616022619047619,0.2616022619047619,0.22693471638211776,-0.0230225082840812,3.0,68.61702127659575,7.435388496905366,234.39999389648443,-1.0344150913639705,-0.4778136289893043
2025-01-13,ACHR,0.16160277777777782,0.1616027777777778,0.2269347163821178,-0.0230225082840812,2.0,77.77777777777777,35.61329770640394,8.229999542236328,-26.122088971304763,6.804379717675306
2025-01-13,AMD,0.2732421997755331,0.2732421997755331,0.2269347163821178,-0.0230225082840812,3.0,70.3125,48.765971360325324,117.31999969482422,1.1030668469476013,-0.8397488664240459
2025-01-13,AMZN,0.2594916666666666,0.2594916666666666,0.2269347163821178,-0.0230225082840812,3.0,79.4776119402985,10.000412501546876,218.4600067138672,-1.6521847964130132,-0.3204303696411154
2025-01-13,AVGO,0.32763333333333333,0.3276333333333333,0.2269347163821178,-0.0230225082840812,3.0,76.74418604651163,8.924514714594018,225.2899932861328,-1.7530872248314153,-0.2618830642607777
2025-01-13,BWXT,0.4988636363636363,0.4988636363636363,0.2269347163821178,-0.0230225082840812,2.0,70.0,23.18521777386713,114.54000091552734,0.0087332020755044,2.2437573548821432
2025-01-13,CRM,0.25854573283858995,0.2585457328385899,0.2269347163821178,-0.0230225082840812,3.0,73.03921568627452,27.74633507133039,319.07000732421875,-2.3952238355639297,1.4009468511908711
2025-01-13,GME,0.2,0.2,0.2269347163821178,-0.0230225082840812,2.0,25.0,-67.96925048046124,31.020000457763672,-3.992574623019731,-10.12250564364899
2025-01-13,GOOGL,0.16572979797979795,0.1657297979797979,0.2269347163821178,-0.0230225082840812,4.0,75.40322580645162,12.590022622577305,191.00999450683597,-1.5158558843343648,-0.7067645063349021
2025-01-13,HAL,0.125,0.125,0.2269347163821178,-0.0230225082840812,3.0,75.83333333333333,29.49640287769784,27.799999237060547,3.0774933067761374,1.438854449124081
2025-01-13,META,0.13366256802721088,0.1336625680272108,0.2269347163821178,-0.0230225082840812,3.0,74.6268656716418,9.010472706322696,607.9277308872768,-1.253871372626963,-2.0728464160294973
2025-01-13,MSFT,0.29931922582304527,0.2993192258230452,0.2269347163821178,-0.0230225082840812,3.0,78.94736842105263,19.781808906980427,417.1900024414063,-0.4201001824425921,-0.3643397504199194
2025-01-13,MU,0.12595,0.12595,0.2269347163821178,-0.0230225082840812,3.0,75.0,32.49679706557199,95.05999755859376,-4.3084346054725815,2.419527783324548
2025-01-13,NFLX,0.29467233766233764,0.2946723376623376,0.22693471638211776,-0.0230225082840812,3.0,65.9090909090909,0.20414891201208735,840.2899780273438,0.3103744318733659,-1.4149821995014131
2025-01-13,NOW,0.17153666666666667,0.1715366666666666,0.22693471638211776,-0.0230225082840812,3.0,76.74418604651163,-3.512842208696118,1015.739990234375,-0.8618207167474633,1.5309083995538009
2025-01-13,NVDA,0.20835006224712105,0.208350062247121,0.2269347163821178,-0.0230225082840812,3.0,77.77777777777777,30.767752149333603,133.22999572753906,-1.9718989495675203,-1.103356051822849
2025-01-13,PLTR,0.2906533333333333,0.2906533333333333,0.22693471638211776,-0.0230225082840812,3.0,44.31818181818182,-35.07130514698279,64.9800033569336,-4.763300366553085,1.4312099986626838
2025-01-13,PTON,0.2125,0.2125,0.2269347163821178,-0.0230225082840812,2.0,52.38095238095238,2.857142857142857,8.960000038146973,3.823869285399578,0.967350898160504
2025-01-13,QUBT,0.34488214285714286,0.3448821428571428,0.2269347163821178,-0.0230225082840812,2.0,75.0,4.642700857612508,6.633749961853027,-28.18725465045095,13.957052915248555
2025-01-13,RGTI,0.2327888888888889,0.2327888888888889,0.2269347163821178,-0.0230225082840812,2.0,79.16666666666667,-47.70226120131064,6.050000190734863,-32.25084004500744,47.93387648105222
2025-01-13,SMR,0.81845,0.81845,0.2269347163821178,-0.0230225082840812,1.0,62.5,5.652403592181724,18.799999237060547,-4.471550073522086,2.287235758648964
2025-01-13,TDS,-0.0646666666666666,-0.0646666666666666,0.2269347163821178,-0.0230225082840812,1.0,100.0,59.75422427035332,33.54999923706055,1.697476599279081,1.3107979150619309
2025-01-13,TSLA,0.25598090277777774,0.2559809027777777,0.2269347163821178,-0.0230225082840812,3.0,54.6875,-30.598043667765317,403.30999755859375,2.1710512074366592,-1.7232432245921545
2025-01-14,AAPL,0.28625266955266954,0.2862526695526695,0.2207015980176035,0.0075345331321,3.0,68.61702127659575,6.5001848661407955,233.27999877929688,-0.47781362898930435,1.9675910330543
2025-01-14,AMD,0.25425726138940424,0.2542572613894042,0.22070159801760353,0.0075345331321,3.0,70.40816326530613,48.79285153441412,116.27428218296596,-0.8397488664240459,3.3336229379472377
2025-01-14,AMZN,0.3764511363636363,0.3764511363636363,0.2207015980176035,0.0075345331321,3.0,79.41176470588235,10.405110940718188,217.75999450683602,-0.3204303696411154,2.5670516796895884
2025-01-14,ASTS,0.2966833333333333,0.2966833333333333,0.2207015980176035,0.0075345331321,1.0,85.0,75.09727626459146,20.479999542236328,-9.018217085759426,-2.506967932104767
2025-01-14,AVGO,0.0,0.0,0.2207015980176035,0.0075345331321,3.0,76.74418604651163,9.21895861148198,224.6999969482422,-0.2618830642607777,1.468626211204596
2025-01-14,BWXT,0.148,0.148,0.2207015980176035,0.0075345331321,2.0,70.0,23.18521777386713,117.11000061035156,2.2437573548821432,1.1954585591174165
2025-01-14,CRM,0.4179407407407407,0.4179407407407407,0.2207015980176035,0.0075345331321,3.0,73.03921568627452,25.816104243537907,323.5400085449219,1.4009468511908711,-0.7356137788078375
2025-01-14,GME,0.3004712121212121,0.3004712121212121,0.2207015980176035,0.0075345331321,2.0,25.0,-67.96925048046124,27.8799991607666,-10.12250564364899,0.2869437808973555
2025-01-14,GOOGL,0.12991111111111106,0.129911111111111,0.2207015980176035,0.0075345331321,4.0,75.40983606557377,12.978664024221272,189.6600036621093,-0.7067645063349021,3.1055569313084184
2025-01-14,GSAT,0.45585,0.45585,0.2207015980176035,0.0075345331321,2.0,66.66666666666667,118.61507350931846,1.820000052452088,-8.080806317177142,3.846150067330322
2025-01-14,HAL,0.16808333333333342,0.1680833333333334,0.2207015980176035,0.0075345331321,3.0,75.83333333333333,27.682213158361414,28.200000762939453,1.438854449124081,2.517727181786958
2025-01-14,LMT,0.16155,0.16155,0.2207015980176035,0.0075345331321,3.0,60.41666666666666,14.037340381208837,484.4599914550781,0.2690594799063452,-0.101141527271078
2025-01-14,META,0.14261649513340688,0.1426164951334068,0.2207015980176035,0.0075345331321,3.0,74.62708085868238,11.643935828245136,595.1468625536152,-2.0728464160294973,3.848547768984013
2025-01-14,MSFT,0.3888479898989899,0.3888479898989899,0.2207015980176035,0.0075345331321,3.0,78.87931034482759,19.84878072679154,415.6700134277344,-0.36433975041991945,2.559718956659637
2025-01-14,MU,0.017541666666666678,0.0175416666666666,0.2207015980176035,0.0075345331321,3.0,75.0,31.475595203525295,97.36000061035156,2.419527783324548,5.988087299205324
2025-01-14,NFLX,0.2910431818181818,0.2910431818181818,0.2207015980176035,0.0075345331321,3.0,65.9090909090909,5.167815995188917,828.4000244140625,-1.4149821995014131,2.3973907250437025
2025-01-14,NOW,0.07335497835497838,0.0733549783549783,0.2207015980176035,0.0075345331321,3.0,76.74418604651163,-2.1125822826243006,1031.2900390625,1.5309083995538009,2.214698577043884
2025-01-14,NVDA,0.25510003676878673,0.2551000367687867,0.2207015980176035,0.0075345331321,3.0,78.17460317460318,32.90936787897942,131.75999450683594,-1.103356051822849,3.400129912798149
2025-01-14,PLTR,0.2261246632996633,0.2261246632996633,0.2207015980176035,0.0075345331321,3.0,44.31818181818182,-36.17833176525878,65.91000366210938,1.4312099986626838,3.383394937999453
2025-01-14,QUBT,0.051186111111111134,0.0511861111111111,0.2207015980176035,0.0075345331321,2.0,75.0,15.258178474784767,7.429999828338623,13.957052915248555,55.4508809903632
2025-01-14,RGTI,0.08200208333333334,0.0820020833333333,0.2207015980176035,0.0075345331321,2.0,79.16666666666667,-33.86208111544502,8.949999809265137,47.93387648105222,22.23463478801525
2025-01-14,SMCI,0.125,0.125,0.2207015980176035,0.0075345331321,3.0,52.27272727272727,5.820105820105825,30.530000686645508,-1.7696243192106276,1.5067116741791295
2025-01-14,SMR,0.2053611111111111,0.2053611111111111,0.2207015980176035,0.0075345331321,1.0,62.5,5.211828638563192,19.229999542236328,2.287235758648964,-2.593655216589426
2025-01-14,TSLA,0.13437223484848485,0.1343722348484848,0.22070159801760353,0.007534533132099999,3.0,54.6875,-31.192947833612436,396.3599853515625,-1.7232432245921543,8.038151439752804
2025-01-14,ZG,0.52255,0.52255,0.2207015980176035,0.0075345331321,2.0,65.38461538461539,15.6570767673847,68.91999816894531,0.9668854556987138,1.7403109805394952
2025-01-15,AAPL,0.3718712912087912,0.3718712912087912,0.2558461114684544,0.0335762678793841,3.0,68.61702127659575,5.098637057713741,237.8699951171875,1.9675910330543,-4.040022200201064
2025-01-15,AMD,0.30454499999999995,0.3045449999999999,0.2558461114684544,0.0335762678793841,3.0,70.40816326530613,45.499241503945015,119.95999908447266,3.3336229379472386,-1.267086240969429
2025-01-15,AMZN,0.4817286255411255,0.4817286255411255,0.2558461114684544,0.0335762678793841,3.0,79.41176470588235,10.820750055367169,223.3500061035156,2.5670516796895884,-1.2043887924316954
2025-01-15,AVGO,0.2811361111111111,0.2811361111111111,0.2558461114684544,0.0335762678793841,3.0,76.74418604651163,8.734649122807014,228.0,1.468626211204596,0.6184226588199013
2025-01-15,CHTR,0.10841666666666666,0.1084166666666666,0.2558461114684544,0.0335762678793841,3.0,53.84615384615385,12.352303634948639,348.0,-1.1896994271162875,-0.3793124494881465
2025-01-15,CRM,0.33424526515151515,0.3342452651515151,0.2558461114684544,0.0335762678793841,3.0,73.03921568627452,25.697788366921486,321.1600036621094,-0.7356137788078375,-0.3611918199284268
2025-01-15,GLW,0.4879999999999999,0.4879999999999999,0.2558461114684544,0.0335762678793841,1.0,61.66666666666666,10.61910619106191,48.810001373291016,2.2627317021006728,8.36676997628137
2025-01-15,GME,0.0,0.0,0.2558461114684544,0.0335762678793841,2.0,25.0,-65.3139091224419,27.959999084472656,0.2869437808973555,-1.609438019762752
2025-01-15,GOOGL,0.27849166666666664,0.2784916666666666,0.2558461114684544,0.0335762678793841,4.0,75.40983606557377,10.606883906941084,195.5500030517578,3.1055569313084184,-1.3500380201731257
2025-01-15,HAL,0.5329,0.5329,0.2558461114684544,0.0335762678793841,3.0,75.83333333333333,25.65445026178011,28.90999984741211,2.517727181786958,1.2452459780410137
2025-01-15,LMT,0.23708888888888882,0.2370888888888888,0.2558461114684544,0.0335762678793841,3.0,60.41666666666666,14.64389055756421,483.9700012207031,-0.101141527271078,0.5971411706448859
2025-01-15,META,0.14047269233615386,0.1404726923361538,0.2558461114684544,0.0335762678793841,3.0,74.63235294117646,10.654379098976907,617.1199951171875,3.848547768984013,-0.9430916791334178
2025-01-15,MSFT,0.2713226570859224,0.2713226570859224,0.2558461114684544,0.0335762678793841,3.0,78.87931034482759,18.154293350030215,426.30999755859375,2.559718956659637,-0.40581055950730915
2025-01-15,MU,0.13210312500000002,0.132103125,0.2558461114684544,0.0335762678793841,3.0,75.0,23.903746745839737,103.19000244140624,5.988087299205324,-0.5717646606512822
2025-01-15,NFLX,0.22554909090909087,0.22554909090909084,0.2558461114684544,0.0335762678793841,3.0,66.66666666666667,4.898055487463573,848.260009765625,2.3973907250437025,-0.6943642963983315
2025-01-15,NOW,-0.008743109668109697,-0.0087431096681096,0.2558461114684544,0.0335762678793841,3.0,76.74418604651163,11.890016978093874,1054.1300048828125,2.214698577043884,0.2874436058967743
2025-01-15,NVDA,0.2752377897565398,0.2752377897565398,0.2558461114684544,0.0335762678793841,3.0,78.17460317460318,30.137194325143263,136.24000549316406,3.4001299127981484,-1.9597754413473525
2025-01-15,PLTR,0.20838333333333334,0.20838333333333328,0.2558461114684544,0.0335762678793841,3.0,44.31818181818182,-37.010775844176656,68.13999938964844,3.383394937999453,1.6143212268478553
2025-01-15,QUBT,0.25349285714285713,0.2534928571428571,0.2558461114684544,0.0335762678793841,2.0,75.0,-21.77347640017099,11.550000190734863,55.4508809903632,-5.800866365624855
2025-01-15,RGTI,0.3038444444444445,0.3038444444444445,0.2558461114684544,0.0335762678793841,2.0,79.16666666666667,-49.742375355217284,10.9399995803833,22.234634788015246,2.7422321959938523
2025-01-15,SMCI,0.41140050505050507,0.411400505050505,0.2558461114684544,0.0335762678793841,3.0,52.27272727272727,6.266723183546578,30.989999771118164,1.5067116741791295,0.4194936078585964
2025-01-15,TDS,0.18131666666666665,0.1813166666666666,0.2558461114684544,0.0335762678793841,2.0,100.0,59.75422427035332,34.779998779296875,1.3107979150619309,0.6900566040550299
2025-01-15,TSLA,0.24234261904761906,0.242342619047619,0.2558461114684544,0.0335762678793841,3.0,55.208333333333336,-30.464502128460442,428.2200012207031,8.038151439752804,-3.3627560262096834
2025-01-16,AAPL,0.3446088135495744,0.3446088135495744,0.24802513263011414,-0.0034141958228617,3.0,68.61702127659575,5.09058808693094,228.25999450683597,-4.040022200201064,0.7535272330218227
2025-01-16,AMD,0.2898914682539683,0.2898914682539683,0.2480251326301141,-0.0034141958228617,3.0,70.40816326530613,43.79793264421475,118.44000244140624,-1.267086240969429,2.5498113650921583
2025-01-16,AMZN,0.45809999999999995,0.4580999999999999,0.2480251326301141,-0.0034141958228617,3.0,79.41176470588235,10.03323452797988,220.6600036621093,-1.2043887924316954,2.392820942476731
2025-01-16,ASTS,0.147240909090909,0.147240909090909,0.2480251326301141,-0.0034141958228617,1.0,85.0,75.09727626459146,21.0,-2.506967932104767,10.000001816522508
2025-01-16,AVGO,0.32301024531024525,0.3230102453102452,0.2480251326301141,-0.0034141958228617,3.0,76.74418604651163,8.734649122807014,229.4100036621093,0.6184226588199013,1.2087243462254162
2025-01-16,CHTR,0.443,0.443,0.2480251326301141,-0.0034141958228617,3.0,53.84615384615385,12.60161433947089,346.67999267578125,-0.3793124494881465,1.3528333161678554
2025-01-16,CRM,0.43087314471243043,0.4308731447124304,0.2480251326301141,-0.0034141958228617,4.0,73.03921568627452,26.88379623863494,320.0,-0.3611918199284268,0.702489153453133
2025-01-16,GOOGL,0.2790370523415978,0.2790370523415978,0.24802513263011414,-0.0034141958228617,4.0,75.40983606557377,9.946305292763991,192.9100036621093,-1.3500380201731257,1.6017812862120377
2025-01-16,HAL,0.27952272727272726,0.2795227272727272,0.2480251326301141,-0.0034141958228617,3.0,75.83333333333333,25.65445026178011,29.270000457763672,1.2452459780410137,-1.2374546374758544
2025-01-16,LMT,0.09719772727272727,0.0971977272727272,0.2480251326301141,-0.0034141958228617,3.0,60.41666666666666,14.597402597402596,486.8599853515625,0.5971411706448859,1.8396126772178616
2025-01-16,META,0.15885427771397156,0.1588542777139715,0.2480251326301141,-0.0034141958228617,3.0,74.63235294117646,8.568835882810474,611.2999877929688,-0.9430916791334178,0.2404763238403844
2025-01-16,MSFT,0.29562264666756854,0.2956226466675685,0.2480251326301141,-0.0034141958228617,3.0,78.87931034482759,17.285543383922498,424.5799865722656,-0.4058105595073091,1.0480974958234013
2025-01-16,MU,0.14357909090909088,0.1435790909090908,0.2480251326301141,-0.0034141958228617,3.0,75.0,22.104855121620314,102.5999984741211,-0.5717646606512822,3.070176971467923
2025-01-16,NFLX,0.231578388047138,0.231578388047138,0.2480251326301141,-0.0034141958228617,3.0,66.66666666666667,4.081186867941467,842.3699951171875,-0.6943642963983315,1.867348143918837
2025-01-16,NOW,0.17270195133149674,0.1727019513314967,0.24802513263011414,-0.0034141958228617,3.0,76.74418604651163,11.890016978093875,1057.1600341796875,0.2874436058967743,1.3545675040746492
2025-01-16,NVDA,0.2358880018130018,0.2358880018130018,0.2480251326301141,-0.0034141958228617,3.0,78.17460317460318,28.449794480328826,133.57000732421875,-1.9597754413473523,3.0994977634457146
2025-01-16,PLTR,0.2669527272727273,0.2669527272727273,0.2480251326301141,-0.0034141958228617,3.0,44.31818181818182,-38.47884551159234,69.23999786376953,1.6143212268478553,3.653955599875488
2025-01-16,QUBT,0.037728787878787834,0.0377287878787878,0.2480251326301141,-0.0034141958228617,2.0,75.0,-19.81056425060613,10.880000114440918,-5.800866365624855,2.0220612565693306
2025-01-16,RGTI,0.21967462121212117,0.2196746212121211,0.2480251326301141,-0.0034141958228617,2.0,79.16666666666667,-49.72577696526508,11.239999771118164,2.7422321959938527,-12.544482883666833
2025-01-16,SMCI,0.4829472222222222,0.4829472222222222,0.2480251326301141,-0.0034141958228617,3.0,52.27272727272727,6.062943535945689,31.1200008392334,0.4194936078585964,-0.964013934186545
2025-01-16,SMR,0.1875,0.1875,0.2480251326301141,-0.0034141958228617,1.0,62.5,3.6001036001036018,20.280000686645508,-2.593655216589426,16.56805375858383
2025-01-16,TDS,0.4278954545454545,0.4278954545454545,0.2480251326301141,-0.0034141958228617,2.0,100.0,59.75422427035332,35.02000045776367,0.69005660405503,-0.3046264427922189
2025-01-16,TSLA,0.19691868686868685,0.1969186868686868,0.2480251326301141,-0.0034141958228617,3.0,55.208333333333336,-31.33611397506796,413.8200073242188,-3.362756026209684,3.0641323404759304
2025-01-17,AAPL,0.20000000000000004,0.20000000000000004,0.160770983044733,0.0094857840140784,3.0,68.61702127659575,8.7003782773164,229.97999572753903,0.7535272330218227,-3.191580343616683
2025-01-17,AMD,0.18535416666666663,0.1853541666666666,0.160770983044733,0.0094857840140784,3.0,69.89795918367346,42.920243508577784,121.45999908447266,2.5498113650921583,0.6751191346987641
2025-01-17,AMZN,0.2976388888888889,0.2976388888888889,0.160770983044733,0.0094857840140784,3.0,79.1044776119403,9.836411875384334,225.94000244140625,2.392820942476731,2.1111818274402108
2025-01-17,META,0.08545038780663781,0.0854503878066378,0.160770983044733,0.0094857840140784,3.0,74.63235294117646,9.309191716926728,612.77001953125,0.2404763238403844,0.6021839064889283
2025-01-17,MSFT,0.28539606060606065,0.28539606060606054,0.160770983044733,0.0094857840140784,3.0,78.87931034482759,16.789395013243897,429.0299987792969,1.0480974958234013,-0.1235342005931661
2025-01-17,MU,0.18024777777777776,0.1802477777777777,0.160770983044733,0.0094857840140784,3.0,75.0,20.345791623477435,105.75,3.070176971467923,3.432621516234486
2025-01-17,NFLX,0.06387916666666667,0.0638791666666666,0.160770983044733,0.0094857840140784,3.0,67.22222222222223,3.4196757542346257,858.0999755859375,1.867348143918837,1.658564542283426
2025-01-17,NOW,0.07575000000000001,0.07575,0.160770983044733,0.0094857840140784,3.0,76.74418604651163,9.984584254881703,1071.47998046875,1.3545675040746492,2.367752601974762
2025-01-17,NVDA,0.22558253968253966,0.2255825396825396,0.160770983044733,0.0094857840140784,3.0,78.17460317460318,28.33681964793438,137.7100067138672,3.0994977634457146,2.265627016975028
2025-01-17,PLTR,0.2966833333333333,0.2966833333333333,0.160770983044733,0.0094857840140784,3.0,44.31818181818182,-40.61253923814371,71.7699966430664,3.653955599875488,1.811346123120383
2025-01-17,RGTI,0.025000000000000005,0.025000000000000005,0.160770983044733,0.0094857840140784,2.0,79.16666666666667,-49.72577696526508,9.829999923706056,-12.544482883666833,42.21769736256175
2025-01-17,TSLA,0.3388857142857143,0.3388857142857143,0.160770983044733,0.0094857840140784,3.0,55.208333333333336,-31.33611397506796,426.5,3.0641323404759304,-0.5697520927974794
2025-01-20,CHTR,0.618,0.618,0.2885093368304434,0.013871080046209,3.0,53.84615384615385,11.563309332043143,351.3699951171875,1.3528333161678554,0.6389748545113453
2025-01-20,GME,0.29119090909090906,0.291190909090909,0.2885093368304434,0.013871080046209,2.0,25.0,-65.3139091224419,27.51000022888184,-1.609438019762752,-0.1454049988896333
2025-01-20,GOOGL,0.48565704099821744,0.48565704099821744,0.2885093368304434,0.013871080046209,4.0,75.0,9.693877551020408,196.0,1.6017812862120375,1.0459199243662307
2025-01-20,GSAT,0.0,0.0,0.2885093368304434,0.013871080046209,2.0,66.66666666666667,111.64021164021167,1.8899999856948853,3.846150067330322,4.232806535494818
2025-01-20,SMCI,0.6393277777777777,0.6393277777777777,0.2885093368304434,0.013871080046209,3.0,52.27272727272727,7.073329007138221,30.81999969482422,-0.964013934186545,5.2887770417109055
2025-01-20,ZG,0.5211824675324674,0.5211824675324674,0.2885093368304434,0.013871080046209,2.0,65.38461538461539,11.283035243240661,74.83000183105469,1.7403109805394952,0.2539019208374124
2025-01-21,AAPL,0.25544295634920633,0.2554429563492063,0.2801370322020544,0.004540819786087,3.0,67.93478260869566,12.204551099007737,222.63999938964844,-3.191580343616683,0.5344962471561967
2025-01-21,AMD,0.34411057513914656,0.3441105751391465,0.2801370322020544,0.004540819786087,3.0,69.89795918367346,39.416057424553514,122.27999877929688,0.6751191346987641,1.202159989677731
2025-01-21,AMZN,0.44899791666666666,0.4489979166666666,0.2801370322020544,0.004540819786087,3.0,79.1044776119403,7.763167221013488,230.7100067138672,2.1111818274402108,2.041520227997559
2025-01-21,ASTS,0.502555303030303,0.502555303030303,0.2801370322020544,0.004540819786087,1.0,85.0,65.60376133766857,23.100000381469727,10.000001816522508,-11.960873994814964
2025-01-21,AVGO,0.39304382284382283,0.3930438228438228,0.2801370322020544,0.004540819786087,3.0,76.74418604651163,4.226320907186078,240.3099975585937,1.2087243462254162,0.2496800422834376
2025-01-21,CRM,0.3613716783216783,0.3613716783216783,0.2801370322020544,0.004540819786087,4.0,73.5576923076923,25.57710386248792,326.8399963378906,0.702489153453133,1.768449040527296
2025-01-21,GME,0.025,0.025,0.2801370322020544,0.004540819786087,2.0,25.0,-63.59665089188206,27.46999931335449,-0.1454049988896333,0.6552614112672163
2025-01-21,GOOGL,0.3930836259419593,0.3930836259419593,0.2801370322020544,0.004540819786087,4.0,75.0,8.251996146610315,198.0500030517578,1.0459199243662307,0.16157135092093966
2025-01-21,HAL,0.2536722222222222,0.2536722222222222,0.2801370322020544,0.004540819786087,3.0,76.66666666666667,20.90419923279654,29.530000686645508,-1.2374546374758544,-3.5557098543652486
2025-01-21,META,0.2340795667295667,0.2340795667295667,0.2801370322020544,0.004540819786087,3.0,74.63235294117646,9.225667013290385,616.4600219726562,0.6021839064889283,1.1614796169304034
2025-01-21,MSFT,0.3476831108706109,0.3476831108706109,0.2801370322020544,0.004540819786087,3.0,78.87931034482759,16.781751501011403,428.5,-0.1235342005931661,4.130691296856768
2025-01-21,MU,0.16241540404040403,0.162415404040404,0.2801370322020544,0.004540819786087,3.0,75.0,14.75147097356385,109.37999725341795,3.432621516234486,-0.1371310113830597
2025-01-21,NFLX,0.16285825851103627,0.1628582585110362,0.2801370322020544,0.004540819786087,3.0,67.3850420468778,4.287039224711423,872.8025851779514,1.6585645422834259,9.69437014403351
2025-01-21,NOW,0.25475,0.25475,0.2801370322020544,0.004540819786087,3.0,76.74418604651163,8.079151531669533,1096.8499755859375,2.367752601974762,2.581945479302802
2025-01-21,NVDA,0.30008384709160574,0.3000838470916057,0.2801370322020544,0.004540819786087,3.0,78.17460317460318,25.480806240144737,140.8300018310547,2.265627016975028,4.430877946483181
2025-01-21,PLTR,0.1744674603174603,0.1744674603174603,0.2801370322020544,0.004540819786087,3.0,44.31818181818182,-41.8720478783535,73.06999969482422,1.811346123120383,5.200496876458834
2025-01-21,RGTI,0.09864166666666667,0.09864166666666659,0.2801370322020544,0.004540819786087,2.0,79.16666666666667,-60.65808297567954,13.979999542236328,42.21769736256175,-0.5007131410322003
2025-01-21,SMCI,0.5046499999999999,0.5046499999999999,0.2801370322020544,0.004540819786087,3.0,52.27272727272727,4.828462515883099,32.45000076293945,5.2887770417109055,4.345145806660332
2025-01-21,SMR,0.0,0.0,0.2801370322020544,0.004540819786087,1.0,64.28571428571429,3.6001036001036018,25.61000061035156,16.56805375858383,-0.1561925598360797
2025-01-21,TDS,0.29333095238095236,0.2933309523809523,0.2801370322020544,0.004540819786087,2.0,100.0,44.00443090556633,36.0,-0.3046264427922189,1.1944452921549478
2025-01-21,TSLA,0.35067242664742665,0.35067242664742665,0.2801370322020544,0.004540819786087,3.0,56.38297872340426,-28.259773748028543,424.0700073242188,-0.5697520927974794,-2.112863871036734
2025-01-21,ZG,0.38820000000000005,0.3882,0.2801370322020544,0.004540819786087,2.0,65.38461538461539,6.908993719096622,75.0199966430664,0.2539019208374124,1.3463105590845377
2025-01-22,AAPL,0.3220852062289562,0.3220852062289562,0.2439405443858941,0.0207435472005654,3.0,67.93478260869566,12.339872675951204,223.8300018310547,0.5344962471561967,-0.075949679468629
2025-01-22,AMD,0.205838650392817,0.205838650392817,0.2439405443858941,0.0207435472005654,3.0,69.89795918367346,37.51474163360122,123.75,1.202159989677731,-0.5737366339172979
2025-01-22,AVGO,0.3499318181818181,0.3499318181818181,0.2439405443858941,0.0207435472005654,3.0,76.74418604651163,2.7083200968756933,240.9100036621093,0.24968004228343768,-0.2615104699828569
2025-01-22,CHTR,0.5296363636363636,0.5296363636363636,0.2439405443858941,0.0207435472005654,3.0,53.84615384615385,12.279093747314755,352.79998779296875,0.6389748545113453,2.029479566283611
2025-01-22,CRM,0.32497344877344875,0.3249734487734487,0.2439405443858941,0.0207435472005654,4.0,73.5576923076923,23.34680552588522,332.6199951171875,1.768449040527296,0.6133150667034152
2025-01-22,GLW,0.41309166666666663,0.4130916666666666,0.2439405443858941,0.0207435472005654,1.0,61.66666666666666,5.8244379485547375,54.0099983215332,8.36676997628137,-0.055543010977867
2025-01-22,GME,-0.1066388888888888,-0.1066388888888888,0.2439405443858941,0.0207435472005654,2.0,25.0,-63.71514280579636,27.64999961853028,0.6552614112672163,2.4593139766991663
2025-01-22,GOOGL,0.4046029761904762,0.4046029761904762,0.2439405443858941,0.0207435472005654,4.0,75.41666666666667,9.808930812785645,198.3699951171875,0.1615713509209397,1.1263819751754496
2025-01-22,HAL,0.24478787878787875,0.2447878787878787,0.2439405443858941,0.0207435472005654,3.0,75.86206896551724,25.48681936783143,28.479999542236328,-3.555709854365248,-1.7907311695194972
2025-01-22,LMT,0.33894696969696964,0.3389469696969696,0.2439405443858941,0.0207435472005654,3.0,60.41666666666666,8.610615742072161,499.3399963378906,1.8396126772178618,-0.41254407291656287
2025-01-22,META,0.02864715007215009,0.02864715007215,0.2439405443858941,0.0207435472005654,3.0,74.63235294117646,7.742853839053203,623.7697919209799,1.1614796169304034,2.062101135299704
2025-01-22,MSFT,0.26654809348900255,0.2665480934890025,0.2439405443858941,0.0207435472005654,3.0,78.94736842105263,13.919028594951413,446.2000122070313,4.130691296856768,0.1142938668971284
2025-01-22,MU,0.1264905303030303,0.1264905303030303,0.2439405443858941,0.0207435472005654,3.0,75.0,14.417808668056837,109.2300033569336,-0.1371310113830597,-4.019048690035863
2025-01-22,NFLX,0.20910696969696968,0.2091069696969696,0.2439405443858941,0.020743547200565402,3.0,67.22222222222223,1.4044864419833294,953.989990234375,9.69437014403351,3.2358824970064317
2025-01-22,NOW,0.06869761904761902,0.068697619047619,0.2439405443858941,0.0207435472005654,3.0,76.74418604651163,7.095703394491552,1125.1700439453125,2.581945479302802,0.8025371165143983
2025-01-22,NVDA,0.318452372866597,0.318452372866597,0.24394054438589413,0.0207435472005654,3.0,78.17460317460318,19.946599741602054,147.07000732421875,4.430877946483181,0.1019880934347888
2025-01-22,PLTR,0.2629617424242424,0.2629617424242424,0.2439405443858941,0.0207435472005654,3.0,44.31818181818182,-45.04036680116205,76.87000274658203,5.200496876458834,2.744894672773226
2025-01-22,PTON,0.0,0.0,0.2439405443858941,0.0207435472005654,2.0,52.38095238095238,2.857142857142857,8.350000381469727,0.967350898160504,1.1975978829573268
2025-01-22,RGTI,0.028333333333333335,0.028333333333333304,0.2439405443858941,0.0207435472005654,2.0,79.16666666666667,-59.781265427068625,13.90999984741211,-0.5007131410322003,-3.1631889662828474
2025-01-22,SMCI,0.19610833333333333,0.1961083333333333,0.2439405443858941,0.0207435472005654,3.0,52.27272727272727,-2.0232797054070413,33.86000061035156,4.345145806660332,-1.3290040012636044
2025-01-22,SMR,0.10788333333333333,0.10788333333333329,0.2439405443858941,0.0207435472005654,1.0,64.28571428571429,1.3990448325651068,25.56999969482422,-0.1561925598360797,-3.817058505033518
2025-01-22,TSLA,0.3866301936026936,0.3866301936026936,0.2439405443858941,0.0207435472005654,3.0,56.38297872340426,-28.70107871511629,415.1099853515625,-2.112863871036734,-0.65765232470569
2025-01-22,ZG,0.0529,0.0529,0.2439405443858941,0.0207435472005654,2.0,65.38461538461539,5.0834099566531,76.02999877929688,1.3463105590845377,0.9732972190590568
2025-01-23,AAPL,0.125475,0.125475,0.1836015459861166,0.0054988757773364,3.0,67.93478260869566,11.405712336159622,223.6600036621093,-0.075949679468629,-0.3934565270516371
2025-01-23,AMD,0.09472343253968254,0.0947234325396825,0.1836015459861166,0.0054988757773364,3.0,69.89795918367346,38.10371232610983,123.04000091552734,-0.5737366339172979,-0.1625524838658211
2025-01-23,AMZN,-0.029983333333333344,-0.029983333333333296,0.18360154598611658,0.0054988757773364,3.0,79.4776119402985,5.798818072578396,235.4199981689453,2.041520227997559,-0.2421170970448491
2025-01-23,AVGO,0.07818295454545454,0.0781829545454545,0.1836015459861166,0.0054988757773364,3.0,76.74418604651163,1.801893515219388,240.27999877929688,-0.2615104699828569,1.8395198066424123
2025-01-23,CHTR,0.6789499999999999,0.6789499999999999,0.1836015459861166,0.0054988757773364,3.0,53.84615384615385,12.279093747314755,359.9599914550781,2.029479566283611,2.116900571751028
2025-01-23,CRM,0.21746249999999998,0.2174624999999999,0.1836015459861166,0.0054988757773364,4.0,73.03921568627452,23.155862676044727,334.6600036621094,0.6133150667034152,-0.2330720046499501
2025-01-23,LMT,0.009999999999999995,0.0099999999999999,0.1836015459861166,0.0054988757773364,3.0,60.41666666666666,8.621098430875335,497.2799987792969,-0.4125440729165629,-0.064351537364119
2025-01-23,META,0.2016788886536169,0.2016788886536169,0.1836015459861166,0.0054988757773364,3.0,74.63235294117646,6.86795867317488,636.9300112516984,2.062101135299704,1.734618244260878
2025-01-23,MSFT,0.15917593193843194,0.1591759319384319,0.1836015459861166,0.0054988757773364,3.0,78.94736842105263,12.288970589332674,446.7099914550781,0.1142938668971284,-0.5932246753318619
2025-01-23,MU,0.030162499999999995,0.0301624999999999,0.1836015459861166,0.0054988757773364,3.0,75.0,14.437425615673346,104.83999633789062,-4.019048690035863,-1.5738210169013944
2025-01-23,NFLX,0.2845646464646464,0.2845646464646464,0.1836015459861166,0.0054988757773363995,3.0,69.56521739130434,5.4637969386287955,984.8599853515624,3.2358824970064313,-0.7381717811896494
2025-01-23,NOW,0.2063871292682869,0.2063871292682869,0.1836015459861166,0.0054988757773364,3.0,76.74418604651163,4.1381621667498285,1134.199951171875,0.8025371165143983,-0.8129052283593177
2025-01-23,NVDA,0.28378035714285715,0.2837803571428571,0.1836015459861166,0.0054988757773364,3.0,78.17460317460318,19.334567541530483,147.22000122070312,0.1019880934347888,-3.1245795852287626
2025-01-23,RGTI,0.38895,0.38895,0.1836015459861166,0.0054988757773364,2.0,79.16666666666667,-58.42781557067271,13.470000267028809,-3.1631889662828474,-2.004457701642111
2025-01-23,SMCI,0.38845,0.38845,0.1836015459861166,0.0054988757773364,3.0,52.27272727272727,-1.8842823922563987,33.40999984741211,-1.3290040012636044,-0.41903439176244606
2025-01-23,TSLA,0.0726363636363636,0.0726363636363636,0.1836015459861166,0.0054988757773364,3.0,56.38297872340426,-28.487997902314603,412.3800048828125,-0.65765232470569,-1.406474184458843
2025-01-23,ZG,-0.27115,-0.27115,0.1836015459861166,0.0054988757773364,2.0,65.38461538461539,5.0834099566531,76.7699966430664,0.9732972190590568,0.0781622907543799
